program,version_label,academic_year,level,semester,module_code,module_title,row_type,subject_or_department,credits,weeks,marks,total_hours,source_id,source_url,access_date,confidence,notes
"Basic 5-year M.B.B.Ch credit-hour program","Student Guide 2025-2026; regulation effective for entrants from 2023/2024","2025-2026","Year 1","Semester 1","MED 101","Foundation 1","module","","12","8","180","","S1","https://mu.menofia.edu.eg/med/View/111192/ar","2026-08-26","high",""
"Basic 5-year M.B.B.Ch credit-hour program","Student Guide 2025-2026; regulation effective for entrants from 2023/2024","2025-2026","Year 1","Semester 1","MED 102","Fountdaion2","module","","10.5","7","157.5","","S1","https://mu.menofia.edu.eg/med/View/111192/ar","2026-08-26","high","Source spelling retained"
"Basic 5-year M.B.B.Ch credit-hour program","Student Guide 2025-2026; regulation effective for entrants from 2023/2024","2025-2026","Year 1","Semester 1","MED 103","vertical integration 1","module","","1.5","longitudinal","22.5","","S1","https://mu.menofia.edu.eg/med/View/111192/ar","2026-08-26","high",""
"Basic 5-year M.B.B.Ch credit-hour program","Student Guide 2025-2026; regulation effective for entrants from 2023/2024","2025-2026","Year 1","Semester 1","E 101","Faculty elective 1","module","","2","longitudinal","30","","S1","https://mu.menofia.edu.eg/med/View/111192/ar","2026-08-26","high",""
"Basic 5-year M.B.B.Ch credit-hour program","Student Guide 2025-2026; regulation effective for entrants from 2023/2024","2025-2026","Year 1","Semester 1","UNI 101","Introduction to quality and accreditation in higher education institutions","module","","1","longitudinal","20","","S1","https://mu.menofia.edu.eg/med/View/111192/ar","2026-08-26","medium","Arabic title translated; source text retained in student guide"
"Basic 5-year M.B.B.Ch credit-hour program","Student Guide 2025-2026; regulation effective for entrants from 2023/2024","2025-2026","Year 1","Semester 1","","Semester total","semester_total","","27","16","360","","S1","https://mu.menofia.edu.eg/med/View/111192/ar","2026-08-26","high",""
"Basic 5-year M.B.B.Ch credit-hour program","Student Guide 2025-2026; regulation effective for entrants from 2023/2024","2025-2026","Year 1","Semester 2","MED 104","Musculoskeletal","module","","12","8","180","","S1","https://mu.menofia.edu.eg/med/View/111192/ar","2026-08-26","high",""
"Basic 5-year M.B.B.Ch credit-hour program","Student Guide 2025-2026; regulation effective for entrants from 2023/2024","2025-2026","Year 1","Semester 2","MED 105","Cardiovascular system","module","","12","8","180","","S1","https://mu.menofia.edu.eg/med/View/111192/ar","2026-08-26","high",""
"Basic 5-year M.B.B.Ch credit-hour program","Student Guide 2025-2026; regulation effective for entrants from 2023/2024","2025-2026","Year 1","Semester 2","MED 106","Medical Professionalism and communication skills","module","","2","longitudinal","30","","S1","https://mu.menofia.edu.eg/med/View/111192/ar","2026-08-26","high",""
"Basic 5-year M.B.B.Ch credit-hour program","Student Guide 2025-2026; regulation effective for entrants from 2023/2024","2025-2026","Year 1","Semester 2","UNI 102","Community issues","module","","1","longitudinal","20","","S1","https://mu.menofia.edu.eg/med/View/111192/ar","2026-08-26","medium","Arabic title translated"
"Basic 5-year M.B.B.Ch credit-hour program","Student Guide 2025-2026; regulation effective for entrants from 2023/2024","2025-2026","Year 1","Semester 2","MED 107","vertical integration 2","module","","1","longitudinal","15","","S1","https://mu.menofia.edu.eg/med/View/111192/ar","2026-08-26","high",""
"Basic 5-year M.B.B.Ch credit-hour program","Student Guide 2025-2026; regulation effective for entrants from 2023/2024","2025-2026","Year 1","Semester 2","E 102","Faculty elective 2","module","","2","longitudinal","30","","S1","https://mu.menofia.edu.eg/med/View/111192/ar","2026-08-26","high",""
"Basic 5-year M.B.B.Ch credit-hour program","Student Guide 2025-2026; regulation effective for entrants from 2023/2024","2025-2026","Year 1","Semester 2","","Semester total","semester_total","","30","16","405","","S1","https://mu.menofia.edu.eg/med/View/111192/ar","2026-08-26","high",""
"Basic 5-year M.B.B.Ch credit-hour program","Student Guide 2025-2026; regulation effective for entrants from 2023/2024","2025-2026","Year 2","Semester 3","MED 201","Respiratory system","module","","12","8","180","","S1","https://mu.menofia.edu.eg/med/View/111192/ar","2026-08-26","high",""
"Basic 5-year M.B.B.Ch credit-hour program","Student Guide 2025-2026; regulation effective for entrants from 2023/2024","2025-2026","Year 2","Semester 3","MED 202","Blood&Lymph","module","","12","8","180","","S1","https://mu.menofia.edu.eg/med/View/111192/ar","2026-08-26","high",""
"Basic 5-year M.B.B.Ch credit-hour program","Student Guide 2025-2026; regulation effective for entrants from 2023/2024","2025-2026","Year 2","Semester 3","MED 203","Psychology","module","","3","longitudinal","45","","S1","https://mu.menofia.edu.eg/med/View/111192/ar","2026-08-26","high",""
"Basic 5-year M.B.B.Ch credit-hour program","Student Guide 2025-2026; regulation effective for entrants from 2023/2024","2025-2026","Year 2","Semester 3","MED 204","vertical integration 3","module","","1","longitudinal","15","","S1","https://mu.menofia.edu.eg/med/View/111192/ar","2026-08-26","high",""
"Basic 5-year M.B.B.Ch credit-hour program","Student Guide 2025-2026; regulation effective for entrants from 2023/2024","2025-2026","Year 2","Semester 3","E 201","Faculty elective 3","module","","2","longitudinal","30","","S1","https://mu.menofia.edu.eg/med/View/111192/ar","2026-08-26","high",""
"Basic 5-year M.B.B.Ch credit-hour program","Student Guide 2025-2026; regulation effective for entrants from 2023/2024","2025-2026","Year 2","Semester 3","","Semester total","semester_total","","30","16","420","","S1","https://mu.menofia.edu.eg/med/View/111192/ar","2026-08-26","high",""
"Basic 5-year M.B.B.Ch credit-hour program","Student Guide 2025-2026; regulation effective for entrants from 2023/2024","2025-2026","Year 2","Semester 4","MED 205","Gastrointestinal system","module","","10.5","7","157.5","","S1","https://mu.menofia.edu.eg/med/View/111192/ar","2026-08-26","high",""
"Basic 5-year M.B.B.Ch credit-hour program","Student Guide 2025-2026; regulation effective for entrants from 2023/2024","2025-2026","Year 2","Semester 4","MED 206","CNS & Special Senses (1)","module","","7.5","5","112.5","","S1","https://mu.menofia.edu.eg/med/View/111192/ar","2026-08-26","high",""
"Basic 5-year M.B.B.Ch credit-hour program","Student Guide 2025-2026; regulation effective for entrants from 2023/2024","2025-2026","Year 2","Semester 4","MED 207","CNS & Special Senses (2)","module","","6","4","90","","S1","https://mu.menofia.edu.eg/med/View/111192/ar","2026-08-26","high",""
"Basic 5-year M.B.B.Ch credit-hour program","Student Guide 2025-2026; regulation effective for entrants from 2023/2024","2025-2026","Year 2","Semester 4","MED 208","Clinical skills","module","","3","longitudinal","45","","S1","https://mu.menofia.edu.eg/med/View/111192/ar","2026-08-26","high",""
"Basic 5-year M.B.B.Ch credit-hour program","Student Guide 2025-2026; regulation effective for entrants from 2023/2024","2025-2026","Year 2","Semester 4","MED 209","vertical integration 4","module","","1","longitudinal","15","","S1","https://mu.menofia.edu.eg/med/View/111192/ar","2026-08-26","high",""
"Basic 5-year M.B.B.Ch credit-hour program","Student Guide 2025-2026; regulation effective for entrants from 2023/2024","2025-2026","Year 2","Semester 4","E 201","Faculty elective 4","module","","2","longitudinal","30","","S1","https://mu.menofia.edu.eg/med/View/111192/ar","2026-08-26","high","Source repeats E 201 for Faculty elective 3 and 4"
"Basic 5-year M.B.B.Ch credit-hour program","Student Guide 2025-2026; regulation effective for entrants from 2023/2024","2025-2026","Year 2","Semester 4","","Semester total","semester_total","","30","16","420","","S1","https://mu.menofia.edu.eg/med/View/111192/ar","2026-08-26","high",""
"Basic 5-year M.B.B.Ch credit-hour program","Student Guide 2025-2026; regulation effective for entrants from 2023/2024","2025-2026","Year 3","Semester 5","MED 301","Genitourinary","module","","10.5","7","157.5","","S1","https://mu.menofia.edu.eg/med/View/111192/ar","2026-08-26","high",""
"Basic 5-year M.B.B.Ch credit-hour program","Student Guide 2025-2026; regulation effective for entrants from 2023/2024","2025-2026","Year 3","Semester 5","MED 302","Endocrine","module","","7.5","5","112.5","","S1","https://mu.menofia.edu.eg/med/View/111192/ar","2026-08-26","high",""
"Basic 5-year M.B.B.Ch credit-hour program","Student Guide 2025-2026; regulation effective for entrants from 2023/2024","2025-2026","Year 3","Semester 5","MED 303","Commuinty","module","","6","4","90","","S1","https://mu.menofia.edu.eg/med/View/111192/ar","2026-08-26","high","Source spelling retained"
"Basic 5-year M.B.B.Ch credit-hour program","Student Guide 2025-2026; regulation effective for entrants from 2023/2024","2025-2026","Year 3","Semester 5","MED 304","Research","module","","3","longitudinal","45","","S1","https://mu.menofia.edu.eg/med/View/111192/ar","2026-08-26","high",""
"Basic 5-year M.B.B.Ch credit-hour program","Student Guide 2025-2026; regulation effective for entrants from 2023/2024","2025-2026","Year 3","Semester 5","MED 305","vertical integration 5","module","","1","longitudinal","15","","S1","https://mu.menofia.edu.eg/med/View/111192/ar","2026-08-26","high","Conflicts with S3 where MED 305 is printed beside Basic clinical Skills 3"
"Basic 5-year M.B.B.Ch credit-hour program","Student Guide 2025-2026; regulation effective for entrants from 2023/2024","2025-2026","Year 3","Semester 5","MED 306","Clinical skills","module","","3","longitudinal","45","","S1","https://mu.menofia.edu.eg/med/View/111192/ar","2026-08-26","high",""
"Basic 5-year M.B.B.Ch credit-hour program","Student Guide 2025-2026; regulation effective for entrants from 2023/2024","2025-2026","Year 3","Semester 5","","Semester total","semester_total","","31","16","465","","S1","https://mu.menofia.edu.eg/med/View/111192/ar","2026-08-26","high",""
"Basic 5-year M.B.B.Ch credit-hour program","Student Guide 2025-2026; regulation effective for entrants from 2023/2024","2025-2026","Year 3","Semester 6","MED 307","Child health module","module","","16.5","11","330","","S1","https://mu.menofia.edu.eg/med/View/111192/ar","2026-08-26","high",""
"Basic 5-year M.B.B.Ch credit-hour program","Student Guide 2025-2026; regulation effective for entrants from 2023/2024","2025-2026","Year 3","Semester 6","MED 308","Ophthalmology","module","","7.5","5","150","","S1","https://mu.menofia.edu.eg/med/View/111192/ar","2026-08-26","high",""
"Basic 5-year M.B.B.Ch credit-hour program","Student Guide 2025-2026; regulation effective for entrants from 2023/2024","2025-2026","Year 3","Semester 6","MED 309","vertical integration 6","module","","1","longitudinal","20","","S1","https://mu.menofia.edu.eg/med/View/111192/ar","2026-08-26","high","S3 labels related row as Leadership and presentation skills"
"Basic 5-year M.B.B.Ch credit-hour program","Student Guide 2025-2026; regulation effective for entrants from 2023/2024","2025-2026","Year 3","Semester 6","MED 310","Basic life support","module","","2.5","longitudinal","50","","S1","https://mu.menofia.edu.eg/med/View/111192/ar","2026-08-26","high",""
"Basic 5-year M.B.B.Ch credit-hour program","Student Guide 2025-2026; regulation effective for entrants from 2023/2024","2025-2026","Year 3","Semester 6","E 301","Faculty elective 5","module","","1.5","longitudinal","30","","S1","https://mu.menofia.edu.eg/med/View/111192/ar","2026-08-26","high",""
"Basic 5-year M.B.B.Ch credit-hour program","Student Guide 2025-2026; regulation effective for entrants from 2023/2024","2025-2026","Year 3","Semester 6","","Semester total","semester_total","","29","16","550","","S1","https://mu.menofia.edu.eg/med/View/111192/ar","2026-08-26","high",""
"Basic 5-year M.B.B.Ch credit-hour program","Student Guide 2025-2026; regulation effective for entrants from 2023/2024","2025-2026","Year 4","Semester 7","MED 401","Medicine 1","module","","19.5","13","390","","S1","https://mu.menofia.edu.eg/med/View/111192/ar","2026-08-26","high",""
"Basic 5-year M.B.B.Ch credit-hour program","Student Guide 2025-2026; regulation effective for entrants from 2023/2024","2025-2026","Year 4","Semester 7","MED 402","Farensic","module","","7.5","5","150","","S1","https://mu.menofia.edu.eg/med/View/111192/ar","2026-08-26","high","Source spelling retained; S3 identifies subject as Forensic and Clinical Toxicology"
"Basic 5-year M.B.B.Ch credit-hour program","Student Guide 2025-2026; regulation effective for entrants from 2023/2024","2025-2026","Year 4","Semester 7","MED 403","vertical integration7","module","","1","longitudinal","20","","S1","https://mu.menofia.edu.eg/med/View/111192/ar","2026-08-26","high","S3 labels related row as Patient safety"
"Basic 5-year M.B.B.Ch credit-hour program","Student Guide 2025-2026; regulation effective for entrants from 2023/2024","2025-2026","Year 4","Semester 7","","Semester total","semester_total","","28","18","560","","S1","https://mu.menofia.edu.eg/med/View/111192/ar","2026-08-26","high",""
"Basic 5-year M.B.B.Ch credit-hour program","Student Guide 2025-2026; regulation effective for entrants from 2023/2024","2025-2026","Year 4","Semester 8","MED 404","Obstetrics and gynecology","module","","15","10","300","","S1","https://mu.menofia.edu.eg/med/View/111192/ar","2026-08-26","high",""
"Basic 5-year M.B.B.Ch credit-hour program","Student Guide 2025-2026; regulation effective for entrants from 2023/2024","2025-2026","Year 4","Semester 8","MED 405","Medicine 2","module","","12","8","240","","S1","https://mu.menofia.edu.eg/med/View/111192/ar","2026-08-26","high",""
"Basic 5-year M.B.B.Ch credit-hour program","Student Guide 2025-2026; regulation effective for entrants from 2023/2024","2025-2026","Year 4","Semester 8","MED 406","Ethical and legal issues in medical practice","module","","2","longitudinal","40","","S1","https://mu.menofia.edu.eg/med/View/111192/ar","2026-08-26","high",""
"Basic 5-year M.B.B.Ch credit-hour program","Student Guide 2025-2026; regulation effective for entrants from 2023/2024","2025-2026","Year 4","Semester 8","MED 407","vertical integration 8","module","","1","longitudinal","20","","S1","https://mu.menofia.edu.eg/med/View/111192/ar","2026-08-26","high","S3 labels related row as Doctor patient communication"
"Basic 5-year M.B.B.Ch credit-hour program","Student Guide 2025-2026; regulation effective for entrants from 2023/2024","2025-2026","Year 4","Semester 8","","Semester total","semester_total","","30","18","600","","S1","https://mu.menofia.edu.eg/med/View/111192/ar","2026-08-26","high",""
"Basic 5-year M.B.B.Ch credit-hour program","Student Guide 2025-2026; regulation effective for entrants from 2023/2024","2025-2026","Year 5","Semester 9","MED 501","Surgery1","module","","18","12","360","","S1","https://mu.menofia.edu.eg/med/View/111192/ar","2026-08-26","high",""
"Basic 5-year M.B.B.Ch credit-hour program","Student Guide 2025-2026; regulation effective for entrants from 2023/2024","2025-2026","Year 5","Semester 9","MED 502","Surgery2","module","","12","8","240","","S1","https://mu.menofia.edu.eg/med/View/111192/ar","2026-08-26","high",""
"Basic 5-year M.B.B.Ch credit-hour program","Student Guide 2025-2026; regulation effective for entrants from 2023/2024","2025-2026","Year 5","Semester 9","MED 503","vertical integration 9","module","","1","longitudinal","20","","S1","https://mu.menofia.edu.eg/med/View/111192/ar","2026-08-26","high","S3 labels related row as Field training"
"Basic 5-year M.B.B.Ch credit-hour program","Student Guide 2025-2026; regulation effective for entrants from 2023/2024","2025-2026","Year 5","Semester 9","MED 504","Research project","module","","2","extended longitudinal","40","","S1","https://mu.menofia.edu.eg/med/View/111192/ar","2026-08-26","high",""
"Basic 5-year M.B.B.Ch credit-hour program","Student Guide 2025-2026; regulation effective for entrants from 2023/2024","2025-2026","Year 5","Semester 9","","Semester total","semester_total","","33","20","660","","S1","https://mu.menofia.edu.eg/med/View/111192/ar","2026-08-26","high",""
"Basic 5-year M.B.B.Ch credit-hour program","Student Guide 2025-2026; regulation effective for entrants from 2023/2024","2025-2026","Year 5","Semester 10","MED 505","Medicine 3","module","","12","8","240","","S1","https://mu.menofia.edu.eg/med/View/111192/ar","2026-08-26","high",""
"Basic 5-year M.B.B.Ch credit-hour program","Student Guide 2025-2026; regulation effective for entrants from 2023/2024","2025-2026","Year 5","Semester 10","MED 506","Family Medicine","module","","6","4","120","","S1","https://mu.menofia.edu.eg/med/View/111192/ar","2026-08-26","high",""
"Basic 5-year M.B.B.Ch credit-hour program","Student Guide 2025-2026; regulation effective for entrants from 2023/2024","2025-2026","Year 5","Semester 10","MED 507","Emergency","module","","6","4","120","","S1","https://mu.menofia.edu.eg/med/View/111192/ar","2026-08-26","high",""
"Basic 5-year M.B.B.Ch credit-hour program","Student Guide 2025-2026; regulation effective for entrants from 2023/2024","2025-2026","Year 5","Semester 10","MED 508","ENT","module","","6","4","120","","S1","https://mu.menofia.edu.eg/med/View/111192/ar","2026-08-26","high",""
"Basic 5-year M.B.B.Ch credit-hour program","Student Guide 2025-2026; regulation effective for entrants from 2023/2024","2025-2026","Year 5","Semester 10","MED 509","Research project","module","","2","extended longitudinal","40","","S1","https://mu.menofia.edu.eg/med/View/111192/ar","2026-08-26","high",""
"Basic 5-year M.B.B.Ch credit-hour program","Student Guide 2025-2026; regulation effective for entrants from 2023/2024","2025-2026","Year 5","Semester 10","MED 501","vertical integration 10","module","","1","longitudinal","20","","S1","https://mu.menofia.edu.eg/med/View/111192/ar","2026-08-26","high","Source repeats MED 501; S3 instead prints Med 510 Evidence"
"Basic 5-year M.B.B.Ch credit-hour program","Student Guide 2025-2026; regulation effective for entrants from 2023/2024","2025-2026","Year 5","Semester 10","","Semester total","semester_total","","33","20","660","","S1","https://mu.menofia.edu.eg/med/View/111192/ar","2026-08-26","high",""
"Basic 5-year M.B.B.Ch credit-hour program","Basic program brochure subject-component tables","2024-2025","Year 1","Semester 1","MED101","Foundation 1","subject_component","Anatomy","4","","60","","S3","https://mu.menofia.edu.eg/med/View/168214/ar","2026-08-26","high",""
"Basic 5-year M.B.B.Ch credit-hour program","Basic program brochure subject-component tables","2024-2025","Year 1","Semester 1","MED101","Foundation 1","subject_component","Histology","2","","30","","S3","https://mu.menofia.edu.eg/med/View/168214/ar","2026-08-26","high",""
"Basic 5-year M.B.B.Ch credit-hour program","Basic program brochure subject-component tables","2024-2025","Year 1","Semester 1","MED101","Foundation 1","subject_component","Physiology","2","","30","","S3","https://mu.menofia.edu.eg/med/View/168214/ar","2026-08-26","high",""
"Basic 5-year M.B.B.Ch credit-hour program","Basic program brochure subject-component tables","2024-2025","Year 1","Semester 1","MED101","Foundation 1","subject_component","Biochemistry","4","","60","","S3","https://mu.menofia.edu.eg/med/View/168214/ar","2026-08-26","high",""
"Basic 5-year M.B.B.Ch credit-hour program","Basic program brochure subject-component tables","2024-2025","Year 1","Semester 1","MED102","Foundation 2","subject_component","Pathology","2.1","","31.5","","S3","https://mu.menofia.edu.eg/med/View/168214/ar","2026-08-26","high",""
"Basic 5-year M.B.B.Ch credit-hour program","Basic program brochure subject-component tables","2024-2025","Year 1","Semester 1","MED102","Foundation 2","subject_component","Pharmacology","2.6","","39","","S3","https://mu.menofia.edu.eg/med/View/168214/ar","2026-08-26","high",""
"Basic 5-year M.B.B.Ch credit-hour program","Basic program brochure subject-component tables","2024-2025","Year 1","Semester 1","MED102","Foundation 2","subject_component","Microbiology","3.4","","51","","S3","https://mu.menofia.edu.eg/med/View/168214/ar","2026-08-26","high",""
"Basic 5-year M.B.B.Ch credit-hour program","Basic program brochure subject-component tables","2024-2025","Year 1","Semester 1","MED102","Foundation 2","subject_component","Parasitology","2.4","","36","","S3","https://mu.menofia.edu.eg/med/View/168214/ar","2026-08-26","high",""
"Basic 5-year M.B.B.Ch credit-hour program","Basic program brochure subject-component tables","2024-2025","Year 1","Semester 1","MED 103","Communication Skills","subject_component","Family Medicine","1.5","","22.5","","S3","https://mu.menofia.edu.eg/med/View/168214/ar","2026-08-26","high","S3 title differs from S1 vertical integration 1"
"Basic 5-year M.B.B.Ch credit-hour program","Basic program brochure subject-component tables","2024-2025","Year 1","Semester 2","MED104","Musculoskeletal","subject_component","Anatomy","6","","90","","S3","https://mu.menofia.edu.eg/med/View/168214/ar","2026-08-26","high",""
"Basic 5-year M.B.B.Ch credit-hour program","Basic program brochure subject-component tables","2024-2025","Year 1","Semester 2","MED104","Musculoskeletal","subject_component","Histology","2","","30","","S3","https://mu.menofia.edu.eg/med/View/168214/ar","2026-08-26","high",""
"Basic 5-year M.B.B.Ch credit-hour program","Basic program brochure subject-component tables","2024-2025","Year 1","Semester 2","MED104","Musculoskeletal","subject_component","Physiology","1","","15","","S3","https://mu.menofia.edu.eg/med/View/168214/ar","2026-08-26","high",""
"Basic 5-year M.B.B.Ch credit-hour program","Basic program brochure subject-component tables","2024-2025","Year 1","Semester 2","MED104","Musculoskeletal","subject_component","Biochemistry","2","","30","","S3","https://mu.menofia.edu.eg/med/View/168214/ar","2026-08-26","high",""
"Basic 5-year M.B.B.Ch credit-hour program","Basic program brochure subject-component tables","2024-2025","Year 1","Semester 2","MED104","Musculoskeletal","subject_component","Pathology","1","","15","","S3","https://mu.menofia.edu.eg/med/View/168214/ar","2026-08-26","high",""
"Basic 5-year M.B.B.Ch credit-hour program","Basic program brochure subject-component tables","2024-2025","Year 1","Semester 2","MED105","Cardiovascular","subject_component","Anatomy","2.6","","39","","S3","https://mu.menofia.edu.eg/med/View/168214/ar","2026-08-26","high",""
"Basic 5-year M.B.B.Ch credit-hour program","Basic program brochure subject-component tables","2024-2025","Year 1","Semester 2","MED105","Cardiovascular","subject_component","Histology","1.1","","16.5","","S3","https://mu.menofia.edu.eg/med/View/168214/ar","2026-08-26","high",""
"Basic 5-year M.B.B.Ch credit-hour program","Basic program brochure subject-component tables","2024-2025","Year 1","Semester 2","MED105","Cardiovascular","subject_component","Physiology","4.1","","61.5","","S3","https://mu.menofia.edu.eg/med/View/168214/ar","2026-08-26","high",""
"Basic 5-year M.B.B.Ch credit-hour program","Basic program brochure subject-component tables","2024-2025","Year 1","Semester 2","MED105","Cardiovascular","subject_component","Pathology","2.1","","31.5","","S3","https://mu.menofia.edu.eg/med/View/168214/ar","2026-08-26","high",""
"Basic 5-year M.B.B.Ch credit-hour program","Basic program brochure subject-component tables","2024-2025","Year 1","Semester 2","MED105","Cardiovascular","subject_component","Pharmacology","2.1","","31.5","","S3","https://mu.menofia.edu.eg/med/View/168214/ar","2026-08-26","high",""
"Basic 5-year M.B.B.Ch credit-hour program","Basic program brochure subject-component tables","2024-2025","Year 1","Semester 2","MED 106","Medical Professionalism","subject_component","Family Medicine","3","","45","","S3","https://mu.menofia.edu.eg/med/View/168214/ar","2026-08-26","high",""
"Basic 5-year M.B.B.Ch credit-hour program","Basic program brochure subject-component tables","2024-2025","Year 2","Semester 3","MED201","Respiratory","subject_component","Anatomy","1.5","","22.5","","S3","https://mu.menofia.edu.eg/med/View/168214/ar","2026-08-26","high",""
"Basic 5-year M.B.B.Ch credit-hour program","Basic program brochure subject-component tables","2024-2025","Year 2","Semester 3","MED201","Respiratory","subject_component","Histology","1","","15","","S3","https://mu.menofia.edu.eg/med/View/168214/ar","2026-08-26","high",""
"Basic 5-year M.B.B.Ch credit-hour program","Basic program brochure subject-component tables","2024-2025","Year 2","Semester 3","MED201","Respiratory","subject_component","Physiology","2","","30","","S3","https://mu.menofia.edu.eg/med/View/168214/ar","2026-08-26","high",""
"Basic 5-year M.B.B.Ch credit-hour program","Basic program brochure subject-component tables","2024-2025","Year 2","Semester 3","MED201","Respiratory","subject_component","Biochemistry","3","","45","","S3","https://mu.menofia.edu.eg/med/View/168214/ar","2026-08-26","high",""
"Basic 5-year M.B.B.Ch credit-hour program","Basic program brochure subject-component tables","2024-2025","Year 2","Semester 3","MED201","Respiratory","subject_component","Pathology","1.5","","22.5","","S3","https://mu.menofia.edu.eg/med/View/168214/ar","2026-08-26","high",""
"Basic 5-year M.B.B.Ch credit-hour program","Basic program brochure subject-component tables","2024-2025","Year 2","Semester 3","MED201","Respiratory","subject_component","Microbiology","1","","15","","S3","https://mu.menofia.edu.eg/med/View/168214/ar","2026-08-26","high",""
"Basic 5-year M.B.B.Ch credit-hour program","Basic program brochure subject-component tables","2024-2025","Year 2","Semester 3","MED201","Respiratory","subject_component","Pharmacology","2","","30","","S3","https://mu.menofia.edu.eg/med/View/168214/ar","2026-08-26","high",""
"Basic 5-year M.B.B.Ch credit-hour program","Basic program brochure subject-component tables","2024-2025","Year 2","Semester 3","MED202","Blood&Lymph","subject_component","Histology","1.5","","22.5","","S3","https://mu.menofia.edu.eg/med/View/168214/ar","2026-08-26","high",""
"Basic 5-year M.B.B.Ch credit-hour program","Basic program brochure subject-component tables","2024-2025","Year 2","Semester 3","MED202","Blood&Lymph","subject_component","Physiology","2","","30","","S3","https://mu.menofia.edu.eg/med/View/168214/ar","2026-08-26","high",""
"Basic 5-year M.B.B.Ch credit-hour program","Basic program brochure subject-component tables","2024-2025","Year 2","Semester 3","MED202","Blood&Lymph","subject_component","Biochemistry","2","","30","","S3","https://mu.menofia.edu.eg/med/View/168214/ar","2026-08-26","high",""
"Basic 5-year M.B.B.Ch credit-hour program","Basic program brochure subject-component tables","2024-2025","Year 2","Semester 3","MED202","Blood&Lymph","subject_component","Pathology","1","","15","","S3","https://mu.menofia.edu.eg/med/View/168214/ar","2026-08-26","high",""
"Basic 5-year M.B.B.Ch credit-hour program","Basic program brochure subject-component tables","2024-2025","Year 2","Semester 3","MED202","Blood&Lymph","subject_component","Microbiology","2.5","","37.5","","S3","https://mu.menofia.edu.eg/med/View/168214/ar","2026-08-26","high",""
"Basic 5-year M.B.B.Ch credit-hour program","Basic program brochure subject-component tables","2024-2025","Year 2","Semester 3","MED202","Blood&Lymph","subject_component","Pharmacology","1.5","","22.5","","S3","https://mu.menofia.edu.eg/med/View/168214/ar","2026-08-26","high",""
"Basic 5-year M.B.B.Ch credit-hour program","Basic program brochure subject-component tables","2024-2025","Year 2","Semester 3","MED202","Blood&Lymph","subject_component","Parasitology","1.5","","22.5","","S3","https://mu.menofia.edu.eg/med/View/168214/ar","2026-08-26","high",""
"Basic 5-year M.B.B.Ch credit-hour program","Basic program brochure subject-component tables","2024-2025","Year 2","Semester 3","MED203","Psychology","subject_component","Psychiatry or behavioral sciences","3","","45","","S3","https://mu.menofia.edu.eg/med/View/168214/ar","2026-08-26","medium","Arabic/OCR subject label is distorted"
"Basic 5-year M.B.B.Ch credit-hour program","Basic program brochure subject-component tables","2024-2025","Year 2","Semester 3","MED 204","Basic clinical Skills","subject_component","Family Medicine","1","","15","","S3","https://mu.menofia.edu.eg/med/View/168214/ar","2026-08-26","high","S3 title differs from S1 vertical integration 3"
"Basic 5-year M.B.B.Ch credit-hour program","Basic program brochure subject-component tables","2024-2025","Year 2","Semester 4","MED 205","Gastrointestinal","subject_component","Anatomy","2.5","","37.5","","S3","https://mu.menofia.edu.eg/med/View/168214/ar","2026-08-26","high",""
"Basic 5-year M.B.B.Ch credit-hour program","Basic program brochure subject-component tables","2024-2025","Year 2","Semester 4","MED 205","Gastrointestinal","subject_component","Histology","1.4","","21","","S3","https://mu.menofia.edu.eg/med/View/168214/ar","2026-08-26","high",""
"Basic 5-year M.B.B.Ch credit-hour program","Basic program brochure subject-component tables","2024-2025","Year 2","Semester 4","MED 205","Gastrointestinal","subject_component","Physiology","1","","15","","S3","https://mu.menofia.edu.eg/med/View/168214/ar","2026-08-26","high",""
"Basic 5-year M.B.B.Ch credit-hour program","Basic program brochure subject-component tables","2024-2025","Year 2","Semester 4","MED 205","Gastrointestinal","subject_component","Pathology","1.4","","21","","S3","https://mu.menofia.edu.eg/med/View/168214/ar","2026-08-26","high",""
"Basic 5-year M.B.B.Ch credit-hour program","Basic program brochure subject-component tables","2024-2025","Year 2","Semester 4","MED 205","Gastrointestinal","subject_component","Microbiology","0.9","","13.5","","S3","https://mu.menofia.edu.eg/med/View/168214/ar","2026-08-26","high",""
"Basic 5-year M.B.B.Ch credit-hour program","Basic program brochure subject-component tables","2024-2025","Year 2","Semester 4","MED 205","Gastrointestinal","subject_component","Pharmacology","1.4","","21","","S3","https://mu.menofia.edu.eg/med/View/168214/ar","2026-08-26","high",""
"Basic 5-year M.B.B.Ch credit-hour program","Basic program brochure subject-component tables","2024-2025","Year 2","Semester 4","MED 205","Gastrointestinal","subject_component","Parasitology","1.9","","28.5","","S3","https://mu.menofia.edu.eg/med/View/168214/ar","2026-08-26","high",""
"Basic 5-year M.B.B.Ch credit-hour program","Basic program brochure subject-component tables","2024-2025","Year 2","Semester 4","MED 206","CNS & Special Senses (1)","subject_component","Anatomy","3","","45","","S3","https://mu.menofia.edu.eg/med/View/168214/ar","2026-08-26","high",""
"Basic 5-year M.B.B.Ch credit-hour program","Basic program brochure subject-component tables","2024-2025","Year 2","Semester 4","MED 206","CNS & Special Senses (1)","subject_component","Physiology","4.5","","67.5","","S3","https://mu.menofia.edu.eg/med/View/168214/ar","2026-08-26","high",""
"Basic 5-year M.B.B.Ch credit-hour program","Basic program brochure subject-component tables","2024-2025","Year 2","Semester 4","MED 207","CNS & Special Senses (2)","subject_component","Histology","1","","15","","S3","https://mu.menofia.edu.eg/med/View/168214/ar","2026-08-26","high",""
"Basic 5-year M.B.B.Ch credit-hour program","Basic program brochure subject-component tables","2024-2025","Year 2","Semester 4","MED 207","CNS & Special Senses (2)","subject_component","Physiology","1","","15","","S3","https://mu.menofia.edu.eg/med/View/168214/ar","2026-08-26","high",""
"Basic 5-year M.B.B.Ch credit-hour program","Basic program brochure subject-component tables","2024-2025","Year 2","Semester 4","MED 207","CNS & Special Senses (2)","subject_component","Pathology","1","","15","","S3","https://mu.menofia.edu.eg/med/View/168214/ar","2026-08-26","high",""
"Basic 5-year M.B.B.Ch credit-hour program","Basic program brochure subject-component tables","2024-2025","Year 2","Semester 4","MED 207","CNS & Special Senses (2)","subject_component","Pharmacology","2","","30","","S3","https://mu.menofia.edu.eg/med/View/168214/ar","2026-08-26","high",""
"Basic 5-year M.B.B.Ch credit-hour program","Basic program brochure subject-component tables","2024-2025","Year 2","Semester 4","MED 207","CNS & Special Senses (2)","subject_component","Parasitology","1","","15","","S3","https://mu.menofia.edu.eg/med/View/168214/ar","2026-08-26","high",""
"Basic 5-year M.B.B.Ch credit-hour program","Basic program brochure subject-component tables","2024-2025","Year 2","Semester 4","MED 208","Basic clinical Skills 2","subject_component","Medical","4","","60","","S3","https://mu.menofia.edu.eg/med/View/168214/ar","2026-08-26","medium","Subject label appears as Medical in OCR"
"Basic 5-year M.B.B.Ch credit-hour program","Basic program brochure subject-component tables","2024-2025","Year 3","Semester 5","MED 301","Genitourinary","subject_component","Anatomy","3","","45","","S3","https://mu.menofia.edu.eg/med/View/168214/ar","2026-08-26","high",""
"Basic 5-year M.B.B.Ch credit-hour program","Basic program brochure subject-component tables","2024-2025","Year 3","Semester 5","MED 301","Genitourinary","subject_component","Histology","2","","30","","S3","https://mu.menofia.edu.eg/med/View/168214/ar","2026-08-26","high",""
"Basic 5-year M.B.B.Ch credit-hour program","Basic program brochure subject-component tables","2024-2025","Year 3","Semester 5","MED 301","Genitourinary","subject_component","Physiology","2.5","","37.5","","S3","https://mu.menofia.edu.eg/med/View/168214/ar","2026-08-26","high",""
"Basic 5-year M.B.B.Ch credit-hour program","Basic program brochure subject-component tables","2024-2025","Year 3","Semester 5","MED 301","Genitourinary","subject_component","Pathology","2","","30","","S3","https://mu.menofia.edu.eg/med/View/168214/ar","2026-08-26","high",""
"Basic 5-year M.B.B.Ch credit-hour program","Basic program brochure subject-component tables","2024-2025","Year 3","Semester 5","MED 301","Genitourinary","subject_component","Microbiology","1","","15","","S3","https://mu.menofia.edu.eg/med/View/168214/ar","2026-08-26","high",""
"Basic 5-year M.B.B.Ch credit-hour program","Basic program brochure subject-component tables","2024-2025","Year 3","Semester 5","MED 302","Endocrine","subject_component","Histology","1","","15","","S3","https://mu.menofia.edu.eg/med/View/168214/ar","2026-08-26","high",""
"Basic 5-year M.B.B.Ch credit-hour program","Basic program brochure subject-component tables","2024-2025","Year 3","Semester 5","MED 302","Endocrine","subject_component","Physiology","2.3","","34.5","","S3","https://mu.menofia.edu.eg/med/View/168214/ar","2026-08-26","high",""
"Basic 5-year M.B.B.Ch credit-hour program","Basic program brochure subject-component tables","2024-2025","Year 3","Semester 5","MED 302","Endocrine","subject_component","Biochemistry","1.8","","27","","S3","https://mu.menofia.edu.eg/med/View/168214/ar","2026-08-26","high",""
"Basic 5-year M.B.B.Ch credit-hour program","Basic program brochure subject-component tables","2024-2025","Year 3","Semester 5","MED 302","Endocrine","subject_component","Pathology","1","","15","","S3","https://mu.menofia.edu.eg/med/View/168214/ar","2026-08-26","high",""
"Basic 5-year M.B.B.Ch credit-hour program","Basic program brochure subject-component tables","2024-2025","Year 3","Semester 5","MED 302","Endocrine","subject_component","Pharmacology","1.4","","21","","S3","https://mu.menofia.edu.eg/med/View/168214/ar","2026-08-26","high",""
"Basic 5-year M.B.B.Ch credit-hour program","Basic program brochure subject-component tables","2024-2025","Year 3","Semester 5","MED303","Community","subject_component","Community","6","","90","","S3","https://mu.menofia.edu.eg/med/View/168214/ar","2026-08-26","high",""
"Basic 5-year M.B.B.Ch credit-hour program","Basic program brochure subject-component tables","2024-2025","Year 3","Semester 5","MED 304","Research","subject_component","Community","3","","45","","S3","https://mu.menofia.edu.eg/med/View/168214/ar","2026-08-26","high",""
"Basic 5-year M.B.B.Ch credit-hour program","Basic program brochure subject-component tables","2024-2025","Year 3","Semester 5","MED 305","Basic clinical Skills 3","subject_component","Surgery","4","","60","","S3","https://mu.menofia.edu.eg/med/View/168214/ar","2026-08-26","medium","Conflicts with S1 where MED305 is vertical integration 5 and MED306 is Clinical skills"
"Basic 5-year M.B.B.Ch credit-hour program","Basic program brochure subject-component tables","2024-2025","Year 3","Semester 6","MED 307","Child health module","subject_component","Pediatrics","13.5","","270","","S3","https://mu.menofia.edu.eg/med/View/168214/ar","2026-08-26","high",""
"Basic 5-year M.B.B.Ch credit-hour program","Basic program brochure subject-component tables","2024-2025","Year 3","Semester 6","MED 307","Child health module","subject_component","Family Medicine","3","","60","","S3","https://mu.menofia.edu.eg/med/View/168214/ar","2026-08-26","high",""
"Basic 5-year M.B.B.Ch credit-hour program","Basic program brochure subject-component tables","2024-2025","Year 3","Semester 6","MED 308","Ophthalmology","subject_component","Ophthalmology","7.5","","150","","S3","https://mu.menofia.edu.eg/med/View/168214/ar","2026-08-26","high",""
"Basic 5-year M.B.B.Ch credit-hour program","Basic program brochure subject-component tables","2024-2025","Year 3","Semester 6","Med 309","Leadership and presentation skills","subject_component","","","","20","","S3","https://mu.menofia.edu.eg/med/View/168214/ar","2026-08-26","low","Source component subject is not visible in extracted text"
"Basic 5-year M.B.B.Ch credit-hour program","Basic program brochure subject-component tables","2024-2025","Year 3","Semester 6","Med 310","Basic life support","subject_component","Cardiology","2.5","","50","","S3","https://mu.menofia.edu.eg/med/View/168214/ar","2026-08-26","high",""
"Basic 5-year M.B.B.Ch credit-hour program","Basic program brochure subject-component tables","2024-2025","Year 4","Semester 7","MED 401","Medicine 1","subject_component","Medicine","18","","360","","S3","https://mu.menofia.edu.eg/med/View/168214/ar","2026-08-26","high",""
"Basic 5-year M.B.B.Ch credit-hour program","Basic program brochure subject-component tables","2024-2025","Year 4","Semester 7","MED 401","Medicine 1","subject_component","Oncology","1.5","","30","","S3","https://mu.menofia.edu.eg/med/View/168214/ar","2026-08-26","high",""
"Basic 5-year M.B.B.Ch credit-hour program","Basic program brochure subject-component tables","2024-2025","Year 4","Semester 7","Med 402","Farensic / Forensic and Clinical Toxicology","subject_component","Forensic and Clinical Toxicology","7.5","","150","","S3","https://mu.menofia.edu.eg/med/View/168214/ar","2026-08-26","high",""
"Basic 5-year M.B.B.Ch credit-hour program","Basic program brochure subject-component tables","2024-2025","Year 4","Semester 7","Mmed 403","Patient safety","subject_component","Community","1","","20","","S3","https://mu.menofia.edu.eg/med/View/168214/ar","2026-08-26","medium","Source spelling Mmed retained"
"Basic 5-year M.B.B.Ch credit-hour program","Basic program brochure subject-component tables","2024-2025","Year 4","Semester 8","MED 404","Obstetrics and gynecology","subject_component","Obstetrics and gynecology","15","","300","","S3","https://mu.menofia.edu.eg/med/View/168214/ar","2026-08-26","high",""
"Basic 5-year M.B.B.Ch credit-hour program","Basic program brochure subject-component tables","2024-2025","Year 4","Semester 8","MED 405","Medicine 2","subject_component","Chest","3","","60","","S3","https://mu.menofia.edu.eg/med/View/168214/ar","2026-08-26","high",""
"Basic 5-year M.B.B.Ch credit-hour program","Basic program brochure subject-component tables","2024-2025","Year 4","Semester 8","MED 405","Medicine 2","subject_component","Cardiology","3","","60","","S3","https://mu.menofia.edu.eg/med/View/168214/ar","2026-08-26","high",""
"Basic 5-year M.B.B.Ch credit-hour program","Basic program brochure subject-component tables","2024-2025","Year 4","Semester 8","MED 405","Medicine 2","subject_component","Tropical","3","","60","","S3","https://mu.menofia.edu.eg/med/View/168214/ar","2026-08-26","high",""
"Basic 5-year M.B.B.Ch credit-hour program","Basic program brochure subject-component tables","2024-2025","Year 4","Semester 8","MED 405","Medicine 2","subject_component","Clinical pathology","3","","60","","S3","https://mu.menofia.edu.eg/med/View/168214/ar","2026-08-26","high",""
"Basic 5-year M.B.B.Ch credit-hour program","Basic program brochure subject-component tables","2024-2025","Year 4","Semester 8","Med 406","Ethical and legal issues","subject_component","Forensic","2","","40","","S3","https://mu.menofia.edu.eg/med/View/168214/ar","2026-08-26","high",""
"Basic 5-year M.B.B.Ch credit-hour program","Basic program brochure subject-component tables","2024-2025","Year 4","Semester 8","Med 407","Doctor patient communication","subject_component","Family Medicine","1","","20","","S3","https://mu.menofia.edu.eg/med/View/168214/ar","2026-08-26","medium","Source spells Family Medicne"
"Basic 5-year M.B.B.Ch credit-hour program","Basic program brochure subject-component tables","2024-2025","Year 5","Semester 9","MED501","Surgery1","subject_component","Surgery","18","","360","","S3","https://mu.menofia.edu.eg/med/View/168214/ar","2026-08-26","high","Source spells Syrgery"
"Basic 5-year M.B.B.Ch credit-hour program","Basic program brochure subject-component tables","2024-2025","Year 5","Semester 9","MED502","Surgery2","subject_component","Orthopedics","4.5","","90","","S3","https://mu.menofia.edu.eg/med/View/168214/ar","2026-08-26","high",""
"Basic 5-year M.B.B.Ch credit-hour program","Basic program brochure subject-component tables","2024-2025","Year 5","Semester 9","MED502","Surgery2","subject_component","Urosurgery","4.5","","90","","S3","https://mu.menofia.edu.eg/med/View/168214/ar","2026-08-26","high",""
"Basic 5-year M.B.B.Ch credit-hour program","Basic program brochure subject-component tables","2024-2025","Year 5","Semester 9","MED502","Surgery2","subject_component","Neurosurgery","1.5","","30","","S3","https://mu.menofia.edu.eg/med/View/168214/ar","2026-08-26","high",""
"Basic 5-year M.B.B.Ch credit-hour program","Basic program brochure subject-component tables","2024-2025","Year 5","Semester 9","MED502","Surgery2","subject_component","Cardiothoracic Surgery","1.5","","30","","S3","https://mu.menofia.edu.eg/med/View/168214/ar","2026-08-26","high",""
"Basic 5-year M.B.B.Ch credit-hour program","Basic program brochure subject-component tables","2024-2025","Year 5","Semester 9","Med 503","Field training","subject_component","Field training","1","","20","","S3","https://mu.menofia.edu.eg/med/View/168214/ar","2026-08-26","medium","S1 calls MED503 vertical integration 9"
"Basic 5-year M.B.B.Ch credit-hour program","Basic program brochure subject-component tables","2024-2025","Year 5","Semester 9","Med 504","Research project","subject_component","Community","2","","40","","S3","https://mu.menofia.edu.eg/med/View/168214/ar","2026-08-26","high",""
"Basic 5-year M.B.B.Ch credit-hour program","Basic program brochure subject-component tables","2024-2025","Year 5","Semester 10","Med 505","Medicine 3","subject_component","Neurology","6","","120","","S3","https://mu.menofia.edu.eg/med/View/168214/ar","2026-08-26","high",""
"Basic 5-year M.B.B.Ch credit-hour program","Basic program brochure subject-component tables","2024-2025","Year 5","Semester 10","Med 505","Medicine 3","subject_component","Rheumatology","1.5","","30","","S3","https://mu.menofia.edu.eg/med/View/168214/ar","2026-08-26","high",""
"Basic 5-year M.B.B.Ch credit-hour program","Basic program brochure subject-component tables","2024-2025","Year 5","Semester 10","Med 505","Medicine 3","subject_component","Dermatology","3","","60","","S3","https://mu.menofia.edu.eg/med/View/168214/ar","2026-08-26","high",""
"Basic 5-year M.B.B.Ch credit-hour program","Basic program brochure subject-component tables","2024-2025","Year 5","Semester 10","Med 505","Medicine 3","subject_component","Radiology","1.5","","30","","S3","https://mu.menofia.edu.eg/med/View/168214/ar","2026-08-26","high",""
"Basic 5-year M.B.B.Ch credit-hour program","Basic program brochure subject-component tables","2024-2025","Year 5","Semester 10","MED 506","Family Medicine","subject_component","Family Medicine","6","","120","","S3","https://mu.menofia.edu.eg/med/View/168214/ar","2026-08-26","high",""
"Basic 5-year M.B.B.Ch credit-hour program","Basic program brochure subject-component tables","2024-2025","Year 5","Semester 10","MED 507","Emergency","subject_component","Anaesthesia and Surgical Intensive Care","3","","60","","S3","https://mu.menofia.edu.eg/med/View/168214/ar","2026-08-26","high",""
"Basic 5-year M.B.B.Ch credit-hour program","Basic program brochure subject-component tables","2024-2025","Year 5","Semester 10","MED 507","Emergency","subject_component","Surgery","3","","60","","S3","https://mu.menofia.edu.eg/med/View/168214/ar","2026-08-26","high","Source spells Syrgery"
"Basic 5-year M.B.B.Ch credit-hour program","Basic program brochure subject-component tables","2024-2025","Year 5","Semester 10","MED 508","ENT","subject_component","ENT","6","","120","","S3","https://mu.menofia.edu.eg/med/View/168214/ar","2026-08-26","high",""
"Basic 5-year M.B.B.Ch credit-hour program","Basic program brochure subject-component tables","2024-2025","Year 5","Semester 10","MED 509","Research Project","subject_component","Community","2","","40","","S3","https://mu.menofia.edu.eg/med/View/168214/ar","2026-08-26","high",""
"Basic 5-year M.B.B.Ch credit-hour program","Basic program brochure subject-component tables","2024-2025","Year 5","Semester 10","Med 510","Evidence","subject_component","Medicine","1","","20","","S3","https://mu.menofia.edu.eg/med/View/168214/ar","2026-08-26","medium","Conflicts with S1 where vertical integration 10 is printed as MED 501"
"Distinguished 5+2 credit-hour program","5+2 scientific content document; program title page says Bachelor degree 2018-2019","2018-2019","Level 1","Semester I","INTRO-ANAT/EMB/HIST 1101","Foundation: Anatomy embryology and histology","module","Anatomy Embryology Histology","5.5","4","137.5","99","S4","https://mu.menofia.edu.eg/med/INTMED/View/190277/ar","2026-08-26","high","total_hours follows source A/activity column"
"Distinguished 5+2 credit-hour program","5+2 scientific content document; program title page says Bachelor degree 2018-2019","2018-2019","Level 1","Semester I","INTRO-PHYS/BIO 1102","Foundation: Physiology and Biochemistry","module","Physiology Biochemistry","2.5","2","62.5","45","S4","https://mu.menofia.edu.eg/med/INTMED/View/190277/ar","2026-08-26","high",""
"Distinguished 5+2 credit-hour program","5+2 scientific content document; program title page says Bachelor degree 2018-2019","2018-2019","Level 1","Semester I","INTRO-PATH/PHAR 1103","Foundation: Pathology and pharmacology","module","Pathology Pharmacology","6.5","6","162.5","117","S4","https://mu.menofia.edu.eg/med/INTMED/View/190277/ar","2026-08-26","high",""
"Distinguished 5+2 credit-hour program","5+2 scientific content document; program title page says Bachelor degree 2018-2019","2018-2019","Level 1","Semester I","INTRO-PARA/MICRO1104","Foundation: Parasitology and microbiology","module","Parasitology Microbiology","4.5","4","112.5","81","S4","https://mu.menofia.edu.eg/med/INTMED/View/190277/ar","2026-08-26","high",""
"Distinguished 5+2 credit-hour program","5+2 scientific content document; program title page says Bachelor degree 2018-2019","2018-2019","Level 1","Semester I","UN 01","Introduction to quality and accreditation in higher education","module","","1","longitudinal","25","","S4","https://mu.menofia.edu.eg/med/INTMED/View/190277/ar","2026-08-26","high","Not included in semester marks per source note"
"Distinguished 5+2 credit-hour program","5+2 scientific content document; program title page says Bachelor degree 2018-2019","2018-2019","Level 1","Semester I","ELE","Elective Modules","module","","1","longitudinal","25","","S4","https://mu.menofia.edu.eg/med/INTMED/View/190277/ar","2026-08-26","high","Not included in semester marks per source note"
"Distinguished 5+2 credit-hour program","5+2 scientific content document; program title page says Bachelor degree 2018-2019","2018-2019","Level 1","Semester I","","Integrated longitudinal Modules","module","","0.5","longitudinal","12.5","","S4","https://mu.menofia.edu.eg/med/INTMED/View/190277/ar","2026-08-26","high","Not included in semester marks per source note"
"Distinguished 5+2 credit-hour program","5+2 scientific content document; program title page says Bachelor degree 2018-2019","2018-2019","Level 1","Semester I","","Semester total","semester_total","","21.5","16","475","342","S4","https://mu.menofia.edu.eg/med/INTMED/View/190277/ar","2026-08-26","high",""
"Distinguished 5+2 credit-hour program","5+2 scientific content document; program title page says Bachelor degree 2018-2019","2018-2019","Level 1","Semester II","MSI 1201","Musculoskeletal (1)","module","","5","6","125","90","S4","https://mu.menofia.edu.eg/med/INTMED/View/190277/ar","2026-08-26","high",""
"Distinguished 5+2 credit-hour program","5+2 scientific content document; program title page says Bachelor degree 2018-2019","2018-2019","Level 1","Semester II","MSII 1202","Musculoskeletal (2)","module","","4","4","100","72","S4","https://mu.menofia.edu.eg/med/INTMED/View/190277/ar","2026-08-26","high",""
"Distinguished 5+2 credit-hour program","5+2 scientific content document; program title page says Bachelor degree 2018-2019","2018-2019","Level 1","Semester II","PL/LYM 1203","Blood & Lymphatics","module","","7","6","175","126","S4","https://mu.menofia.edu.eg/med/INTMED/View/190277/ar","2026-08-26","high",""
"Distinguished 5+2 credit-hour program","5+2 scientific content document; program title page says Bachelor degree 2018-2019","2018-2019","Level 1","Semester II","PC1204","Medical Professionalism and communication skills","module","","1","longitudinal","25","","S4","https://mu.menofia.edu.eg/med/INTMED/View/190277/ar","2026-08-26","high",""
"Distinguished 5+2 credit-hour program","5+2 scientific content document; program title page says Bachelor degree 2018-2019","2018-2019","Level 1","Semester II","ELE","Elective Module","module","","1","longitudinal","25","","S4","https://mu.menofia.edu.eg/med/INTMED/View/190277/ar","2026-08-26","high",""
"Distinguished 5+2 credit-hour program","5+2 scientific content document; program title page says Bachelor degree 2018-2019","2018-2019","Level 1","Semester II","UN 02","Human ethics","module","","1","longitudinal","25","","S4","https://mu.menofia.edu.eg/med/INTMED/View/190277/ar","2026-08-26","high",""
"Distinguished 5+2 credit-hour program","5+2 scientific content document; program title page says Bachelor degree 2018-2019","2018-2019","Level 1","Semester II","","Integrated longitudinal Modules","module","","0.5","longitudinal","12.5","","S4","https://mu.menofia.edu.eg/med/INTMED/View/190277/ar","2026-08-26","high",""
"Distinguished 5+2 credit-hour program","5+2 scientific content document; program title page says Bachelor degree 2018-2019","2018-2019","Level 1","Semester II","","Semester total","semester_total","","19.5","16","425","297","S4","https://mu.menofia.edu.eg/med/INTMED/View/190277/ar","2026-08-26","high",""
"Distinguished 5+2 credit-hour program","5+2 scientific content document; program title page says Bachelor degree 2018-2019","2018-2019","Level 2","Semester III","CVS 2101","Cardiovascular system","module","","9.5","8","237.5","171","S4","https://mu.menofia.edu.eg/med/INTMED/View/190277/ar","2026-08-26","high",""
"Distinguished 5+2 credit-hour program","5+2 scientific content document; program title page says Bachelor degree 2018-2019","2018-2019","Level 2","Semester III","RES 2102","Respiratory system","module","","6","6","150","108","S4","https://mu.menofia.edu.eg/med/INTMED/View/190277/ar","2026-08-26","high",""
"Distinguished 5+2 credit-hour program","5+2 scientific content document; program title page says Bachelor degree 2018-2019","2018-2019","Level 2","Semester III","NUT 2103","Nutrition","module","","2.5","2","62.5","45","S4","https://mu.menofia.edu.eg/med/INTMED/View/190277/ar","2026-08-26","high",""
"Distinguished 5+2 credit-hour program","5+2 scientific content document; program title page says Bachelor degree 2018-2019","2018-2019","Level 2","Semester III","EBM/BMR/B 2104","Evidence-based medicine Basics of medical research and biostatistics","module","","2","longitudinal","50","","S4","https://mu.menofia.edu.eg/med/INTMED/View/190277/ar","2026-08-26","high",""
"Distinguished 5+2 credit-hour program","5+2 scientific content document; program title page says Bachelor degree 2018-2019","2018-2019","Level 2","Semester III","ELE","Elective Modules","module","","1","longitudinal","25","","S4","https://mu.menofia.edu.eg/med/INTMED/View/190277/ar","2026-08-26","high",""
"Distinguished 5+2 credit-hour program","5+2 scientific content document; program title page says Bachelor degree 2018-2019","2018-2019","Level 2","Semester III","","Integrated longitudinal Modules","module","","0.5","longitudinal","12.5","","S4","https://mu.menofia.edu.eg/med/INTMED/View/190277/ar","2026-08-26","high",""
"Distinguished 5+2 credit-hour program","5+2 scientific content document; program title page says Bachelor degree 2018-2019","2018-2019","Level 2","Semester III","","Semester total","semester_total","","21.5","16","500","324","S4","https://mu.menofia.edu.eg/med/INTMED/View/190277/ar","2026-08-26","high",""
"Distinguished 5+2 credit-hour program","5+2 scientific content document; program title page says Bachelor degree 2018-2019","2018-2019","Level 2","Semester IV","GIT 2201","Gastrointestinal system","module","","8","7","200","144","S4","https://mu.menofia.edu.eg/med/INTMED/View/190277/ar","2026-08-26","high",""
"Distinguished 5+2 credit-hour program","5+2 scientific content document; program title page says Bachelor degree 2018-2019","2018-2019","Level 2","Semester IV","URIN 2202","Renal & Urinary system","module","","5","4","125","90","S4","https://mu.menofia.edu.eg/med/INTMED/View/190277/ar","2026-08-26","high",""
"Distinguished 5+2 credit-hour program","5+2 scientific content document; program title page says Bachelor degree 2018-2019","2018-2019","Level 2","Semester IV","REP/BR 2203","Reproductive system & Breast","module","","6","5","150","108","S4","https://mu.menofia.edu.eg/med/INTMED/View/190277/ar","2026-08-26","high",""
"Distinguished 5+2 credit-hour program","5+2 scientific content document; program title page says Bachelor degree 2018-2019","2018-2019","Level 2","Semester IV","ELE","Elective Modules","module","","1","longitudinal","25","","S4","https://mu.menofia.edu.eg/med/INTMED/View/190277/ar","2026-08-26","high",""
"Distinguished 5+2 credit-hour program","5+2 scientific content document; program title page says Bachelor degree 2018-2019","2018-2019","Level 2","Semester IV","","Integrated longitudinal Modules","module","","0.5","longitudinal","12.5","","S4","https://mu.menofia.edu.eg/med/INTMED/View/190277/ar","2026-08-26","high",""
"Distinguished 5+2 credit-hour program","5+2 scientific content document; program title page says Bachelor degree 2018-2019","2018-2019","Level 2","Semester IV","","Semester total","semester_total","","20.5","16","475","342","S4","https://mu.menofia.edu.eg/med/INTMED/View/190277/ar","2026-08-26","high",""
"Distinguished 5+2 credit-hour program","5+2 scientific content document; program title page says Bachelor degree 2018-2019","2018-2019","Level 3","Semester V","ENDO 3101","Endocrine","module","","6","5","150","108","S4","https://mu.menofia.edu.eg/med/INTMED/View/190277/ar","2026-08-26","high",""
"Distinguished 5+2 credit-hour program","5+2 scientific content document; program title page says Bachelor degree 2018-2019","2018-2019","Level 3","Semester V","CNS/SP I 3102","CNS & Special Senses (1)","module","","5","5","125","90","S4","https://mu.menofia.edu.eg/med/INTMED/View/190277/ar","2026-08-26","high",""
"Distinguished 5+2 credit-hour program","5+2 scientific content document; program title page says Bachelor degree 2018-2019","2018-2019","Level 3","Semester V","CNS/SP II 3103","CNS & Special Senses (2)","module","","5","6","125","90","S4","https://mu.menofia.edu.eg/med/INTMED/View/190277/ar","2026-08-26","high",""
"Distinguished 5+2 credit-hour program","5+2 scientific content document; program title page says Bachelor degree 2018-2019","2018-2019","Level 3","Semester V","BLS 3104","Basic life support","module","","1","longitudinal","25","","S4","https://mu.menofia.edu.eg/med/INTMED/View/190277/ar","2026-08-26","high",""
"Distinguished 5+2 credit-hour program","5+2 scientific content document; program title page says Bachelor degree 2018-2019","2018-2019","Level 3","Semester V","ELE","Elective Modules","module","","1","longitudinal","25","","S4","https://mu.menofia.edu.eg/med/INTMED/View/190277/ar","2026-08-26","high",""
"Distinguished 5+2 credit-hour program","5+2 scientific content document; program title page says Bachelor degree 2018-2019","2018-2019","Level 3","Semester V","","Integrated longitudinal Modules","module","","0.5","longitudinal","12.5","","S4","https://mu.menofia.edu.eg/med/INTMED/View/190277/ar","2026-08-26","high",""
"Distinguished 5+2 credit-hour program","5+2 scientific content document; program title page says Bachelor degree 2018-2019","2018-2019","Level 3","Semester V","","Semester total","semester_total","","18.5","16","425","288","S4","https://mu.menofia.edu.eg/med/INTMED/View/190277/ar","2026-08-26","medium","Detailed table total 425; overview table appears to imply 525 through first-stage total arithmetic"
"Distinguished 5+2 credit-hour program","5+2 scientific content document; program title page says Bachelor degree 2018-2019","2018-2019","Level 3","Semester VI","BME 3201","Basic clinical examination","module","","2.5","2","62.5","45","S4","https://mu.menofia.edu.eg/med/INTMED/View/190277/ar","2026-08-26","high",""
"Distinguished 5+2 credit-hour program","5+2 scientific content document; program title page says Bachelor degree 2018-2019","2018-2019","Level 3","Semester VI","DERMA 3202","Dermatology","module","","2","2","50","36","S4","https://mu.menofia.edu.eg/med/INTMED/View/190277/ar","2026-08-26","high",""
"Distinguished 5+2 credit-hour program","5+2 scientific content document; program title page says Bachelor degree 2018-2019","2018-2019","Level 3","Semester VI","COM 3203","Community Medicine","module","","5","5","125","90","S4","https://mu.menofia.edu.eg/med/INTMED/View/190277/ar","2026-08-26","high",""
"Distinguished 5+2 credit-hour program","5+2 scientific content document; program title page says Bachelor degree 2018-2019","2018-2019","Level 3","Semester VI","PHC/ELD 3204","Primary health care and elderly care","module","","2.5","2","62.5","45","S4","https://mu.menofia.edu.eg/med/INTMED/View/190277/ar","2026-08-26","high",""
"Distinguished 5+2 credit-hour program","5+2 scientific content document; program title page says Bachelor degree 2018-2019","2018-2019","Level 3","Semester VI","CHLD 3205","Child Health","module","","2.5","2","62.5","45","S4","https://mu.menofia.edu.eg/med/INTMED/View/190277/ar","2026-08-26","high",""
"Distinguished 5+2 credit-hour program","5+2 scientific content document; program title page says Bachelor degree 2018-2019","2018-2019","Level 3","Semester VI","INVEST 3206","Investigations","module","","2.5","2","62.5","45","S4","https://mu.menofia.edu.eg/med/INTMED/View/190277/ar","2026-08-26","high",""
"Distinguished 5+2 credit-hour program","5+2 scientific content document; program title page says Bachelor degree 2018-2019","2018-2019","Level 3","Semester VI","ONCO 3207","Onchology","module","","1","1","25","18","S4","https://mu.menofia.edu.eg/med/INTMED/View/190277/ar","2026-08-26","high","Source spelling retained"
"Distinguished 5+2 credit-hour program","5+2 scientific content document; program title page says Bachelor degree 2018-2019","2018-2019","Level 3","Semester VI","PSYCH 3208","Clinical Psychology","module","","1","longitudinal","25","18","S4","https://mu.menofia.edu.eg/med/INTMED/View/190277/ar","2026-08-26","high",""
"Distinguished 5+2 credit-hour program","5+2 scientific content document; program title page says Bachelor degree 2018-2019","2018-2019","Level 3","Semester VI","ELE","Elective Modules","module","","1","longitudinal","25","","S4","https://mu.menofia.edu.eg/med/INTMED/View/190277/ar","2026-08-26","high",""
"Distinguished 5+2 credit-hour program","5+2 scientific content document; program title page says Bachelor degree 2018-2019","2018-2019","Level 3","Semester VI","","Integrated longitudinal Modules","module","","0.5","longitudinal","12.5","","S4","https://mu.menofia.edu.eg/med/INTMED/View/190277/ar","2026-08-26","high",""
"Distinguished 5+2 credit-hour program","5+2 scientific content document; program title page says Bachelor degree 2018-2019","2018-2019","Level 3","Semester VI","","Semester total","semester_total","","20.5","16","475","342","S4","https://mu.menofia.edu.eg/med/INTMED/View/190277/ar","2026-08-26","high",""
"Distinguished 5+2 credit-hour program","5+2 scientific content document; program title page says Bachelor degree 2018-2019","2018-2019","Level 4","Semester VII","CVS/CHEST 4101","Heart and chest diseases","module","","7","6","175","126","S4","https://mu.menofia.edu.eg/med/INTMED/View/190277/ar","2026-08-26","high",""
"Distinguished 5+2 credit-hour program","5+2 scientific content document; program title page says Bachelor degree 2018-2019","2018-2019","Level 4","Semester VII","ENDO/BR 4102","Endocrinology and Breast","module","","4.5","4","112.5","81","S4","https://mu.menofia.edu.eg/med/INTMED/View/190277/ar","2026-08-26","high",""
"Distinguished 5+2 credit-hour program","5+2 scientific content document; program title page says Bachelor degree 2018-2019","2018-2019","Level 4","Semester VII","HEMA 4103","Hematology and lymphatics","module","","2.5","2","62.5","45","S4","https://mu.menofia.edu.eg/med/INTMED/View/190277/ar","2026-08-26","high",""
"Distinguished 5+2 credit-hour program","5+2 scientific content document; program title page says Bachelor degree 2018-2019","2018-2019","Level 4","Semester VII","GYN 4104","Gynecology","module","","5","4","125","90","S4","https://mu.menofia.edu.eg/med/INTMED/View/190277/ar","2026-08-26","high",""
"Distinguished 5+2 credit-hour program","5+2 scientific content document; program title page says Bachelor degree 2018-2019","2018-2019","Level 4","Semester VII","PS/IC 4105","Patient safety and infection control","module","","1","longitudinal","25","","S4","https://mu.menofia.edu.eg/med/INTMED/View/190277/ar","2026-08-26","high",""
"Distinguished 5+2 credit-hour program","5+2 scientific content document; program title page says Bachelor degree 2018-2019","2018-2019","Level 4","Semester VII","ELE","Elective Modules","module","","1","longitudinal","25","","S4","https://mu.menofia.edu.eg/med/INTMED/View/190277/ar","2026-08-26","high",""
"Distinguished 5+2 credit-hour program","5+2 scientific content document; program title page says Bachelor degree 2018-2019","2018-2019","Level 4","Semester VII","","Integrated longitudinal Modules","module","","0.5","longitudinal","12.5","","S4","https://mu.menofia.edu.eg/med/INTMED/View/190277/ar","2026-08-26","high",""
"Distinguished 5+2 credit-hour program","5+2 scientific content document; program title page says Bachelor degree 2018-2019","2018-2019","Level 4","Semester VII","","Semester total","semester_total","","21.5","16","500","342","S4","https://mu.menofia.edu.eg/med/INTMED/View/190277/ar","2026-08-26","high",""
"Distinguished 5+2 credit-hour program","5+2 scientific content document; program title page says Bachelor degree 2018-2019","2018-2019","Level 4","Semester VIII","GE/URIN 4201","Renal and urinary diseases and andrology","module","","5.5","5","137.5","99","S4","https://mu.menofia.edu.eg/med/INTMED/View/190277/ar","2026-08-26","high",""
"Distinguished 5+2 credit-hour program","5+2 scientific content document; program title page says Bachelor degree 2018-2019","2018-2019","Level 4","Semester VIII","OBS/FAML 4202","Obstetrics and family medicine","module","","6.5","5","162.5","117","S4","https://mu.menofia.edu.eg/med/INTMED/View/190277/ar","2026-08-26","high",""
"Distinguished 5+2 credit-hour program","5+2 scientific content document; program title page says Bachelor degree 2018-2019","2018-2019","Level 4","Semester VIII","GIT/HEPT/ID 4203","Gastroentrology Hepatology and infectious diseases","module","","8","6","200","144","S4","https://mu.menofia.edu.eg/med/INTMED/View/190277/ar","2026-08-26","high","Source spelling retained"
"Distinguished 5+2 credit-hour program","5+2 scientific content document; program title page says Bachelor degree 2018-2019","2018-2019","Level 4","Semester VIII","ELE","Elective Modules","module","","1","longitudinal","25","","S4","https://mu.menofia.edu.eg/med/INTMED/View/190277/ar","2026-08-26","high",""
"Distinguished 5+2 credit-hour program","5+2 scientific content document; program title page says Bachelor degree 2018-2019","2018-2019","Level 4","Semester VIII","","Integrated longitudinal Modules","module","","0.5","longitudinal","12.5","","S4","https://mu.menofia.edu.eg/med/INTMED/View/190277/ar","2026-08-26","high",""
"Distinguished 5+2 credit-hour program","5+2 scientific content document; program title page says Bachelor degree 2018-2019","2018-2019","Level 4","Semester VIII","","Semester total","semester_total","","21.5","16","500","360","S4","https://mu.menofia.edu.eg/med/INTMED/View/190277/ar","2026-08-26","high",""
"Distinguished 5+2 credit-hour program","5+2 scientific content document; program title page says Bachelor degree 2018-2019","2018-2019","Level 5","Semester IX","PSYCH/NEUE/NEUS 5101","Psychiatry and neurology","module","","6","5","150","108","S4","https://mu.menofia.edu.eg/med/INTMED/View/190277/ar","2026-08-26","high","Code retains source spelling NEUE"
"Distinguished 5+2 credit-hour program","5+2 scientific content document; program title page says Bachelor degree 2018-2019","2018-2019","Level 5","Semester IX","ENT 5102","Ear Nose and Throat","module","","4.5","4","112.5","81","S4","https://mu.menofia.edu.eg/med/INTMED/View/190277/ar","2026-08-26","high",""
"Distinguished 5+2 credit-hour program","5+2 scientific content document; program title page says Bachelor degree 2018-2019","2018-2019","Level 5","Semester IX","PEDIA/PLAST 5103","Pediatric and plastic surgery","module","","1.5","2","37.5","27","S4","https://mu.menofia.edu.eg/med/INTMED/View/190277/ar","2026-08-26","high",""
"Distinguished 5+2 credit-hour program","5+2 scientific content document; program title page says Bachelor degree 2018-2019","2018-2019","Level 5","Semester IX","OPHTH 5104","Ophthalmology","module","","5","5","125","90","S4","https://mu.menofia.edu.eg/med/INTMED/View/190277/ar","2026-08-26","high",""
"Distinguished 5+2 credit-hour program","5+2 scientific content document; program title page says Bachelor degree 2018-2019","2018-2019","Level 5","Semester IX","ETHICS 5105","Ethical and legal issues in medical practice","module","","1","longitudinal","25","","S4","https://mu.menofia.edu.eg/med/INTMED/View/190277/ar","2026-08-26","high",""
"Distinguished 5+2 credit-hour program","5+2 scientific content document; program title page says Bachelor degree 2018-2019","2018-2019","Level 5","Semester IX","ELE","Elective Modules","module","","1","longitudinal","25","","S4","https://mu.menofia.edu.eg/med/INTMED/View/190277/ar","2026-08-26","high",""
"Distinguished 5+2 credit-hour program","5+2 scientific content document; program title page says Bachelor degree 2018-2019","2018-2019","Level 5","Semester IX","","Integrated longitudinal Modules","module","","0.5","longitudinal","12.5","","S4","https://mu.menofia.edu.eg/med/INTMED/View/190277/ar","2026-08-26","high",""
"Distinguished 5+2 credit-hour program","5+2 scientific content document; program title page says Bachelor degree 2018-2019","2018-2019","Level 5","Semester IX","","Semester total","semester_total","","19.5","16","450","306","S4","https://mu.menofia.edu.eg/med/INTMED/View/190277/ar","2026-08-26","high",""
"Distinguished 5+2 credit-hour program","5+2 scientific content document; program title page says Bachelor degree 2018-2019","2018-2019","Level 5","Semester X","EMERG 5201","Emergency and critical care","module","","7","6","175","126","S4","https://mu.menofia.edu.eg/med/INTMED/View/190277/ar","2026-08-26","high",""
"Distinguished 5+2 credit-hour program","5+2 scientific content document; program title page says Bachelor degree 2018-2019","2018-2019","Level 5","Semester X","VAS 5202","Vascular surgery","module","","1","1","25","18","S4","https://mu.menofia.edu.eg/med/INTMED/View/190277/ar","2026-08-26","high",""
"Distinguished 5+2 credit-hour program","5+2 scientific content document; program title page says Bachelor degree 2018-2019","2018-2019","Level 5","Semester X","ORTH/RHEM 5203","Orthopedics and Rheumatology","module","","5","4","125","90","S4","https://mu.menofia.edu.eg/med/INTMED/View/190277/ar","2026-08-26","high",""
"Distinguished 5+2 credit-hour program","5+2 scientific content document; program title page says Bachelor degree 2018-2019","2018-2019","Level 5","Semester X","FORE/TOX 5204","Forensic medicine and Toxicology","module","","6","5","150","108","S4","https://mu.menofia.edu.eg/med/INTMED/View/190277/ar","2026-08-26","high",""
"Distinguished 5+2 credit-hour program","5+2 scientific content document; program title page says Bachelor degree 2018-2019","2018-2019","Level 5","Semester X","ELE","Elective Modules","module","","1","longitudinal","25","","S4","https://mu.menofia.edu.eg/med/INTMED/View/190277/ar","2026-08-26","high",""
"Distinguished 5+2 credit-hour program","5+2 scientific content document; program title page says Bachelor degree 2018-2019","2018-2019","Level 5","Semester X","","Integrated longitudinal Modules","module","","0.5","longitudinal","12.5","","S4","https://mu.menofia.edu.eg/med/INTMED/View/190277/ar","2026-08-26","high",""
"Distinguished 5+2 credit-hour program","5+2 scientific content document; program title page says Bachelor degree 2018-2019","2018-2019","Level 5","Semester X","","Semester total","semester_total","","20.5","16","475","342","S4","https://mu.menofia.edu.eg/med/INTMED/View/190277/ar","2026-08-26","high",""
"Distinguished 5+2 credit-hour program","5+2 scientific content document; program title page says Bachelor degree 2018-2019","2018-2019","Program total","","","First stage total","stage_total","","101.5","","2400","","S4","https://mu.menofia.edu.eg/med/INTMED/View/190277/ar","2026-08-26","high","First stage comprises 49.5 percent of program credits per source"
"Distinguished 5+2 credit-hour program","5+2 scientific content document; program title page says Bachelor degree 2018-2019","2018-2019","Program total","","","Second stage total","stage_total","","103.5","","2400","","S4","https://mu.menofia.edu.eg/med/INTMED/View/190277/ar","2026-08-26","high","Second stage comprises 50.5 percent of program credits per source"
"Distinguished 5+2 credit-hour program","5+2 scientific content document; program title page says Bachelor degree 2018-2019","2018-2019","Program total","","","Whole program total","program_total","","205","","4800","","S4","https://mu.menofia.edu.eg/med/INTMED/View/190277/ar","2026-08-26","high","Source says 205 credit hours"
"M.B.B.Ch traditional specification","M.B.B.Ch Program & course specifications 2010","2010","Year 1","","MFM-I 01","Anatomy & Embryology I","course","","","30","250","240","S8","https://mu.menofia.edu.eg/med/View/129607/ar","2026-08-26","high",""
"M.B.B.Ch traditional specification","M.B.B.Ch Program & course specifications 2010","2010","Year 1","","MFM-I 02","Histology I","course","","","30","150","120","S8","https://mu.menofia.edu.eg/med/View/129607/ar","2026-08-26","high",""
"M.B.B.Ch traditional specification","M.B.B.Ch Program & course specifications 2010","2010","Year 1","","MFM-I 03","Physiology & Biophysics I","course","","","30","250","210","S8","https://mu.menofia.edu.eg/med/View/129607/ar","2026-08-26","high",""
"M.B.B.Ch traditional specification","M.B.B.Ch Program & course specifications 2010","2010","Year 1","","MFM-I 04","Biochemistry I","course","","","30","150","135","S8","https://mu.menofia.edu.eg/med/View/129607/ar","2026-08-26","high",""
"M.B.B.Ch traditional specification","M.B.B.Ch Program & course specifications 2010","2010","Year 1","","MFM-I 05","English","course","","","30","30","30","S8","https://mu.menofia.edu.eg/med/View/129607/ar","2026-08-26","high","Marks not added per source"
"M.B.B.Ch traditional specification","M.B.B.Ch Program & course specifications 2010","2010","Year 1","","","Computer","course","","","30","","30","S8","https://mu.menofia.edu.eg/med/View/129607/ar","2026-08-26","medium","Hours table lists Computer after English; code not printed"
"M.B.B.Ch traditional specification","M.B.B.Ch Program & course specifications 2010","2010","Year 1","","MU-HR","Human rights","course","","","30","30","30","S8","https://mu.menofia.edu.eg/med/View/129607/ar","2026-08-26","high","Marks not added per source"
"M.B.B.Ch traditional specification","M.B.B.Ch Program & course specifications 2010","2010","Year 2","","MFM-II 01","Anatomy & Embryology II","course","","","30","250","240","S8","https://mu.menofia.edu.eg/med/View/129607/ar","2026-08-26","high",""
"M.B.B.Ch traditional specification","M.B.B.Ch Program & course specifications 2010","2010","Year 2","","MFM-II 02","Histology II","course","","","30","150","120","S8","https://mu.menofia.edu.eg/med/View/129607/ar","2026-08-26","high",""
"M.B.B.Ch traditional specification","M.B.B.Ch Program & course specifications 2010","2010","Year 2","","MFM-II 03","Physiology & Biophysics II","course","","","30","250","210","S8","https://mu.menofia.edu.eg/med/View/129607/ar","2026-08-26","high",""
"M.B.B.Ch traditional specification","M.B.B.Ch Program & course specifications 2010","2010","Year 2","","MFM-II 04","Biochemistry II","course","","","30","150","135","S8","https://mu.menofia.edu.eg/med/View/129607/ar","2026-08-26","high",""
"M.B.B.Ch traditional specification","M.B.B.Ch Program & course specifications 2010","2010","Year 2","","MFM-II 05","Psychology and Behavioral medicine","course","","","30","50","30","S8","https://mu.menofia.edu.eg/med/View/129607/ar","2026-08-26","high","Only written exam per source"
"M.B.B.Ch traditional specification","M.B.B.Ch Program & course specifications 2010","2010","Year 3","","MFM-III 01","Pathology","course","","","30","300","240","S8","https://mu.menofia.edu.eg/med/View/129607/ar","2026-08-26","high",""
"M.B.B.Ch traditional specification","M.B.B.Ch Program & course specifications 2010","2010","Year 3","","MFM-III 02","Pharmacology","course","","","30","300","180","S8","https://mu.menofia.edu.eg/med/View/129607/ar","2026-08-26","high",""
"M.B.B.Ch traditional specification","M.B.B.Ch Program & course specifications 2010","2010","Year 3","","MFM-III 03","Microbiology & Immunology","course","","","30","200","150","S8","https://mu.menofia.edu.eg/med/View/129607/ar","2026-08-26","high",""
"M.B.B.Ch traditional specification","M.B.B.Ch Program & course specifications 2010","2010","Year 3","","MFM-III 04","Parasitology","course","","","30","150","120","S8","https://mu.menofia.edu.eg/med/View/129607/ar","2026-08-26","high",""
"M.B.B.Ch traditional specification","M.B.B.Ch Program & course specifications 2010","2010","Year 4","","MFM-IV 01","Ophthalmology","course","","","32","250","160","S8","https://mu.menofia.edu.eg/med/View/129607/ar","2026-08-26","high",""
"M.B.B.Ch traditional specification","M.B.B.Ch Program & course specifications 2010","2010","Year 4","","MFM-IV 02","E.N.T","course","","","32","200","104","S8","https://mu.menofia.edu.eg/med/View/129607/ar","2026-08-26","high",""
"M.B.B.Ch traditional specification","M.B.B.Ch Program & course specifications 2010","2010","Year 4","","MFM-IV 03","Forensic medicine & Toxicology","course","","","32","200","160","S8","https://mu.menofia.edu.eg/med/View/129607/ar","2026-08-26","high",""
"M.B.B.Ch traditional specification","M.B.B.Ch Program & course specifications 2010","2010","Year 4","","MFM-IV 04","Community medicine","course","","","32","300","208","S8","https://mu.menofia.edu.eg/med/View/129607/ar","2026-08-26","high",""
"M.B.B.Ch traditional specification","M.B.B.Ch Program & course specifications 2010","2010","Year 5","","MFM-V 01","Internal medicine","course","","","36","900","456","S8","https://mu.menofia.edu.eg/med/View/129607/ar","2026-08-26","high",""
"M.B.B.Ch traditional specification","M.B.B.Ch Program & course specifications 2010","2010","Year 5","","MFM-V 02","Pediatrics","course","","","36","500","228","S8","https://mu.menofia.edu.eg/med/View/129607/ar","2026-08-26","high",""
"M.B.B.Ch traditional specification","M.B.B.Ch Program & course specifications 2010","2010","Year 6","","MFM-VI 01","General Surgery","course","","","36","900","456","S8","https://mu.menofia.edu.eg/med/View/129607/ar","2026-08-26","high",""
"M.B.B.Ch traditional specification","M.B.B.Ch Program & course specifications 2010","2010","Year 6","","MFM-VI 02","Obstetrics & Gynecology","course","","","36","500","208","S8","https://mu.menofia.edu.eg/med/View/129607/ar","2026-08-26","high",""
"M.B.B.Ch traditional specification","M.B.B.Ch Program & course specifications 2010","2010","Program total","","","Whole program total","program_total","","","","6350","4250","S8","https://mu.menofia.edu.eg/med/View/129607/ar","2026-08-26","high","Source page labels this as before 2010 but PDF title and faculty-council approval say 2010"
"M.B.B.Ch 6+1 specification","Scanned M.B.B.Ch Program & Course Specifications From 2011-2025; last reviewed 2025","2011-2025","Year 1","","","Year 1 total","program_structure","","","","800","795","S8","https://mu.menofia.edu.eg/med/View/129607/ar","2026-08-26","medium","Visual/OCR extraction from image-only PDF"
"M.B.B.Ch 6+1 specification","Scanned M.B.B.Ch Program & Course Specifications From 2011-2025; last reviewed 2025","2011-2025","Year 2","","","Year 2 total","program_structure","","","","850","735","S8","https://mu.menofia.edu.eg/med/View/129607/ar","2026-08-26","medium","Visual/OCR extraction from image-only PDF"
"M.B.B.Ch 6+1 specification","Scanned M.B.B.Ch Program & Course Specifications From 2011-2025; last reviewed 2025","2011-2025","Year 3","","","Year 3 total","program_structure","","","","950","690","S8","https://mu.menofia.edu.eg/med/View/129607/ar","2026-08-26","medium","Visual/OCR extraction from image-only PDF"
"M.B.B.Ch 6+1 specification","Scanned M.B.B.Ch Program & Course Specifications From 2011-2025; last reviewed 2025","2011-2025","Pre-clinical total","","","Pre-clinical total","stage_total","","","","2600","2220","S8","https://mu.menofia.edu.eg/med/View/129607/ar","2026-08-26","medium","Years 1-3"
"M.B.B.Ch 6+1 specification","Scanned M.B.B.Ch Program & Course Specifications From 2011-2025; last reviewed 2025","2011-2025","Year 4","","","Year 4 total","program_structure","","","","1000","710","S8","https://mu.menofia.edu.eg/med/View/129607/ar","2026-08-26","medium","Visual/OCR extraction from image-only PDF"
"M.B.B.Ch 6+1 specification","Scanned M.B.B.Ch Program & Course Specifications From 2011-2025; last reviewed 2025","2011-2025","Year 5","","","Year 5 total","program_structure","","","","1450","714","S8","https://mu.menofia.edu.eg/med/View/129607/ar","2026-08-26","medium","Visual/OCR extraction from image-only PDF"
"M.B.B.Ch 6+1 specification","Scanned M.B.B.Ch Program & Course Specifications From 2011-2025; last reviewed 2025","2011-2025","Year 6","","","Year 6 total","program_structure","","","","1450","714","S8","https://mu.menofia.edu.eg/med/View/129607/ar","2026-08-26","medium","Visual/OCR extraction from image-only PDF"
"M.B.B.Ch 6+1 specification","Scanned M.B.B.Ch Program & Course Specifications From 2011-2025; last reviewed 2025","2011-2025","Clinical total","","","Clinical total","stage_total","","","","3900","2138","S8","https://mu.menofia.edu.eg/med/View/129607/ar","2026-08-26","medium","Years 4-6"
"M.B.B.Ch 6+1 specification","Scanned M.B.B.Ch Program & Course Specifications From 2011-2025; last reviewed 2025","2011-2025","Program total","","","Whole program total","program_total","","","","6500","4358","S8","https://mu.menofia.edu.eg/med/View/129607/ar","2026-08-26","medium","Program is 6 years plus PRHO year"
"M.B.B.Ch 6+1 specification","Scanned M.B.B.Ch Program & Course Specifications From 2011-2025; last reviewed 2025","2011-2025","Year 6","","MFM-VI 01","General Surgery","course","","","22 clinical weeks","900","436","S8","https://mu.menofia.edu.eg/med/View/129607/ar","2026-08-26","medium","Visual extraction: 216 theoretical hours and 220 practical/clinical hours"
"M.B.B.Ch 6+1 specification","Scanned M.B.B.Ch Program & Course Specifications From 2011-2025; last reviewed 2025","2011-2025","Year 6","","MFM-VI 02","Obstetrics & Gynecology","course","","","10 clinical weeks","500","208","S8","https://mu.menofia.edu.eg/med/View/129607/ar","2026-08-26","medium","Visual extraction: 108 theoretical hours and 100 practical/clinical hours"
"M.B.B.Ch 6+1 specification","Scanned M.B.B.Ch Program & Course Specifications From 2011-2025; last reviewed 2025","2011-2025","Year 6","","MFM-VI 03","Family medicine 3","course","","","longitudinal","50","70","S8","https://mu.menofia.edu.eg/med/View/129607/ar","2026-08-26","medium","Visual extraction: 30 theoretical hours and 40 practical/clinical/field-training hours"
"Legacy distinguished MMIP course table","Official INTMED course page; no publication year on page","undated","First stage","","MMIP- ANAT 101","Anatomy& embryology(1)","legacy_course","","2.5","","","","S5","https://mu.menofia.edu.eg/med/INTMED/View/69731/ar","2026-08-26","high",""
"Legacy distinguished MMIP course table","Official INTMED course page; no publication year on page","undated","First stage","","MMIP- PHYS102","Physiology(1)","legacy_course","","6","","","","S5","https://mu.menofia.edu.eg/med/INTMED/View/69731/ar","2026-08-26","high",""
"Legacy distinguished MMIP course table","Official INTMED course page; no publication year on page","undated","First stage","","MMIP- HIST 103","Histology(1)","legacy_course","","4","","","","S5","https://mu.menofia.edu.eg/med/INTMED/View/69731/ar","2026-08-26","high",""
"Legacy distinguished MMIP course table","Official INTMED course page; no publication year on page","undated","First stage","","MMIP- BIO104","Biochemistry(1)","legacy_course","","3","","","","S5","https://mu.menofia.edu.eg/med/INTMED/View/69731/ar","2026-08-26","high",""
"Legacy distinguished MMIP course table","Official INTMED course page; no publication year on page","undated","First stage","","MMIP- CBL 106","Community Based Learning 1","legacy_course","","1","","","","S5","https://mu.menofia.edu.eg/med/INTMED/View/69731/ar","2026-08-26","high",""
"Legacy distinguished MMIP course table","Official INTMED course page; no publication year on page","undated","First stage","","MMIP- ANAT107","Anatomy& embryology 2","legacy_course","","6","","","","S5","https://mu.menofia.edu.eg/med/INTMED/View/69731/ar","2026-08-26","high","Prerequisite MMIP- ANAT101"
"Legacy distinguished MMIP course table","Official INTMED course page; no publication year on page","undated","First stage","","MMIP- PHYS108","Physiology 2","legacy_course","","3.5","","","","S5","https://mu.menofia.edu.eg/med/INTMED/View/69731/ar","2026-08-26","high","Prerequisite MMIP- PHYS102"
"Legacy distinguished MMIP course table","Official INTMED course page; no publication year on page","undated","First stage","","MMIP- HIST 109","Histology 2","legacy_course","","3","","","","S5","https://mu.menofia.edu.eg/med/INTMED/View/69731/ar","2026-08-26","high","Prerequisite MMIP- HIST103"
"Legacy distinguished MMIP course table","Official INTMED course page; no publication year on page","undated","First stage","","MMIP- BIO110","Biochemistry 2","legacy_course","","4","","","","S5","https://mu.menofia.edu.eg/med/INTMED/View/69731/ar","2026-08-26","high","Prerequisite MMIP- BIO104"
"Legacy distinguished MMIP course table","Official INTMED course page; no publication year on page","undated","First stage","","MMIP- COM 111","Community 1","legacy_course","","2","","","","S5","https://mu.menofia.edu.eg/med/INTMED/View/69731/ar","2026-08-26","high",""
"Legacy distinguished MMIP course table","Official INTMED course page; no publication year on page","undated","First stage","","MMIP-CBL 112","Community Based Learning 2","legacy_course","","1","","","","S5","https://mu.menofia.edu.eg/med/INTMED/View/69731/ar","2026-08-26","high",""
"Legacy distinguished MMIP course table","Official INTMED course page; no publication year on page","undated","First stage","","MMIP-ANAT201","Anatomy 3","legacy_course","","6.5","","","","S5","https://mu.menofia.edu.eg/med/INTMED/View/69731/ar","2026-08-26","high","Prerequisite MMIP- ANAT101"
"Legacy distinguished MMIP course table","Official INTMED course page; no publication year on page","undated","First stage","","MMIP- PHYS202","Physiology 3","legacy_course","","6","","","","S5","https://mu.menofia.edu.eg/med/INTMED/View/69731/ar","2026-08-26","high","Prerequisite MMIP- PHYS102"
"Legacy distinguished MMIP course table","Official INTMED course page; no publication year on page","undated","First stage","","MMIP- HIST 203","Histology 3","legacy_course","","3","","","","S5","https://mu.menofia.edu.eg/med/INTMED/View/69731/ar","2026-08-26","high","Prerequisite MMIP- HIST103"
"Legacy distinguished MMIP course table","Official INTMED course page; no publication year on page","undated","First stage","","MMIP- BIO204","Biochemistry 3","legacy_course","","2.5","","","","S5","https://mu.menofia.edu.eg/med/INTMED/View/69731/ar","2026-08-26","high","Prerequisite MMIP- BIO104"
"Legacy distinguished MMIP course table","Official INTMED course page; no publication year on page","undated","First stage","","MMIP- PB 205","Psychology & Behavioral sciences","legacy_course","","2","","","","S5","https://mu.menofia.edu.eg/med/INTMED/View/69731/ar","2026-08-26","high",""
"Legacy distinguished MMIP course table","Official INTMED course page; no publication year on page","undated","First stage","","MMIP- CBL 206","Community Based Learning 3","legacy_course","","1","","","","S5","https://mu.menofia.edu.eg/med/INTMED/View/69731/ar","2026-08-26","high",""
"Legacy distinguished MMIP course table","Official INTMED course page; no publication year on page","undated","First stage","","MMIP-ANAT207","Anatomy 4","legacy_course","","8","","","","S5","https://mu.menofia.edu.eg/med/INTMED/View/69731/ar","2026-08-26","high","Prerequisite MMIP- ANAT101"
"Legacy distinguished MMIP course table","Official INTMED course page; no publication year on page","undated","First stage","","MMIP- PHYS208","Physiology 4","legacy_course","","6","","","","S5","https://mu.menofia.edu.eg/med/INTMED/View/69731/ar","2026-08-26","high","Prerequisite MMIP- PHYS102"
"Legacy distinguished MMIP course table","Official INTMED course page; no publication year on page","undated","First stage","","MMIP- HIST 209","Histology 4","legacy_course","","2","","","","S5","https://mu.menofia.edu.eg/med/INTMED/View/69731/ar","2026-08-26","high","Prerequisite MMIP- HIST103"
"Legacy distinguished MMIP course table","Official INTMED course page; no publication year on page","undated","First stage","","MMIP- BIO210","Biochemistry 4","legacy_course","","4","","","","S5","https://mu.menofia.edu.eg/med/INTMED/View/69731/ar","2026-08-26","high","Prerequisite MMIP- BIO104"
"Legacy distinguished MMIP course table","Official INTMED course page; no publication year on page","undated","First stage","","MMIP- CBL 211","Community Based Learning 4","legacy_course","","1","","","","S5","https://mu.menofia.edu.eg/med/INTMED/View/69731/ar","2026-08-26","high",""
"Legacy distinguished MMIP course table","Official INTMED course page; no publication year on page","undated","First stage","","MMIP-PATH301","Pathology 1","legacy_course","","6","","","","S5","https://mu.menofia.edu.eg/med/INTMED/View/69731/ar","2026-08-26","high",""
"Legacy distinguished MMIP course table","Official INTMED course page; no publication year on page","undated","First stage","","MMIP- MICR 302","Microbiology 1","legacy_course","","4","","","","S5","https://mu.menofia.edu.eg/med/INTMED/View/69731/ar","2026-08-26","high",""
"Legacy distinguished MMIP course table","Official INTMED course page; no publication year on page","undated","First stage","","MMIP- PARA303","Parasitology 1","legacy_course","","3","","","","S5","https://mu.menofia.edu.eg/med/INTMED/View/69731/ar","2026-08-26","high",""
"Legacy distinguished MMIP course table","Official INTMED course page; no publication year on page","undated","First stage","","MMIP- CBL 304","Community Based Learning 5","legacy_course","","1","","","","S5","https://mu.menofia.edu.eg/med/INTMED/View/69731/ar","2026-08-26","high",""
"Legacy distinguished MMIP course table","Official INTMED course page; no publication year on page","undated","First stage","","MMIP-PHAR 305","Pharmacology 1","legacy_course","","3","","","","S5","https://mu.menofia.edu.eg/med/INTMED/View/69731/ar","2026-08-26","high",""
"Legacy distinguished MMIP course table","Official INTMED course page; no publication year on page","undated","First stage","","MMIP- MICR 306","Microbiology 2","legacy_course","","4","","","","S5","https://mu.menofia.edu.eg/med/INTMED/View/69731/ar","2026-08-26","high","Prerequisite MMIP- MICR302"
"Legacy distinguished MMIP course table","Official INTMED course page; no publication year on page","undated","First stage","","MMIP-PARA 307","Parasitology 2","legacy_course","","3","","","","S5","https://mu.menofia.edu.eg/med/INTMED/View/69731/ar","2026-08-26","high",""
"Legacy distinguished MMIP course table","Official INTMED course page; no publication year on page","undated","First stage","","MMIP- COM 308","Community 2","legacy_course","","5","","","","S5","https://mu.menofia.edu.eg/med/INTMED/View/69731/ar","2026-08-26","high",""
"Legacy distinguished MMIP course table","Official INTMED course page; no publication year on page","undated","First stage","","MMIP- CBL 309","Community Based Learning 6","legacy_course","","1","","","","S5","https://mu.menofia.edu.eg/med/INTMED/View/69731/ar","2026-08-26","high",""
"Legacy distinguished MMIP course table","Official INTMED course page; no publication year on page","undated","First stage","","MMIP- UN 01","Computer","university_requirement","","2","","","","S5","https://mu.menofia.edu.eg/med/INTMED/View/69731/ar","2026-08-26","medium","Parser suggests total 2"
"Legacy distinguished MMIP course table","Official INTMED course page; no publication year on page","undated","First stage","","MMIP- UN 02","Human rights","university_requirement","","2","","","","S5","https://mu.menofia.edu.eg/med/INTMED/View/69731/ar","2026-08-26","high",""
"Legacy distinguished MMIP course table","Official INTMED course page; no publication year on page","undated","First stage","","MMIP- EN 105","English","university_requirement","","2","","","","S5","https://mu.menofia.edu.eg/med/INTMED/View/69731/ar","2026-08-26","high",""
"Legacy distinguished MMIP course table","Official INTMED course page; no publication year on page","undated","Second stage","","MMIP- OPHT 401","ophthalmology","legacy_course","","8","","","","S5","https://mu.menofia.edu.eg/med/INTMED/View/69731/ar","2026-08-26","high",""
"Legacy distinguished MMIP course table","Official INTMED course page; no publication year on page","undated","Second stage","","MMIP- ENT402","Otorhinolaryngology","legacy_course","","6","","","","S5","https://mu.menofia.edu.eg/med/INTMED/View/69731/ar","2026-08-26","high",""
"Legacy distinguished MMIP course table","Official INTMED course page; no publication year on page","undated","Second stage","","FAML 403","Family medicine 1","legacy_course","","3","","","","S5","https://mu.menofia.edu.eg/med/INTMED/View/69731/ar","2026-08-26","high",""
"Legacy distinguished MMIP course table","Official INTMED course page; no publication year on page","undated","Second stage","","MMIP- TOX404","Toxicology","legacy_course","","3","","","","S5","https://mu.menofia.edu.eg/med/INTMED/View/69731/ar","2026-08-26","high",""
"Legacy distinguished MMIP course table","Official INTMED course page; no publication year on page","undated","Second stage","","MMIP-PATH405","Pathology 2","legacy_course","","1","","","","S5","https://mu.menofia.edu.eg/med/INTMED/View/69731/ar","2026-08-26","high","Prerequisite MMIP- PATH 301"
"Legacy distinguished MMIP course table","Official INTMED course page; no publication year on page","undated","Second stage","","MMIP- PHAR 406","Pharmacology 2","legacy_course","","1","","","","S5","https://mu.menofia.edu.eg/med/INTMED/View/69731/ar","2026-08-26","high","Prerequisite MMIP- PHAR 305"
"Legacy distinguished MMIP course table","Official INTMED course page; no publication year on page","undated","Second stage","","MMIP- FORE 407","Forensic","legacy_course","","3","","","","S5","https://mu.menofia.edu.eg/med/INTMED/View/69731/ar","2026-08-26","high",""
"Legacy distinguished MMIP course table","Official INTMED course page; no publication year on page","undated","Second stage","","MMIP- COM 408","Community 3","legacy_course","","4","","","","S5","https://mu.menofia.edu.eg/med/INTMED/View/69731/ar","2026-08-26","high",""
"Legacy distinguished MMIP course table","Official INTMED course page; no publication year on page","undated","Second stage","","MMIP- INTM 409","Medicine I","legacy_course","","4","","","","S5","https://mu.menofia.edu.eg/med/INTMED/View/69731/ar","2026-08-26","high",""
"Legacy distinguished MMIP course table","Official INTMED course page; no publication year on page","undated","Second stage","","MMIP- SURG 410","Surgery I","legacy_course","","4","","","","S5","https://mu.menofia.edu.eg/med/INTMED/View/69731/ar","2026-08-26","high",""
"Legacy distinguished MMIP course table","Official INTMED course page; no publication year on page","undated","Second stage","","MMIP- GYN 501","Gynecology","legacy_course","","8","","","","S5","https://mu.menofia.edu.eg/med/INTMED/View/69731/ar","2026-08-26","high",""
"Legacy distinguished MMIP course table","Official INTMED course page; no publication year on page","undated","Second stage","","MMIP- INTM 502","Medicine II","legacy_course","","6","","","","S5","https://mu.menofia.edu.eg/med/INTMED/View/69731/ar","2026-08-26","high","Prerequisite MMIP- INTM 409"
"Legacy distinguished MMIP course table","Official INTMED course page; no publication year on page","undated","Second stage","","MMIP- SURG 503","Surgery II","legacy_course","","4","","","","S5","https://mu.menofia.edu.eg/med/INTMED/View/69731/ar","2026-08-26","high","Prerequisite MMIP- SURG 410"
"Legacy distinguished MMIP course table","Official INTMED course page; no publication year on page","undated","Second stage","","MMIP- OBS 507","Obstetrics","legacy_course","","7","","","","S5","https://mu.menofia.edu.eg/med/INTMED/View/69731/ar","2026-08-26","high",""
"Legacy distinguished MMIP course table","Official INTMED course page; no publication year on page","undated","Second stage","","MMIP -INTM 508","Medicine III","legacy_course","","6","","","","S5","https://mu.menofia.edu.eg/med/INTMED/View/69731/ar","2026-08-26","high","Prerequisite MMIP- INTM 409"
"Legacy distinguished MMIP course table","Official INTMED course page; no publication year on page","undated","Second stage","","MMIP- SURG 509","Surgery III","legacy_course","","5","","","","S5","https://mu.menofia.edu.eg/med/INTMED/View/69731/ar","2026-08-26","high","Prerequisite MMIP- SURG 410"
"Legacy distinguished MMIP course table","Official INTMED course page; no publication year on page","undated","Second stage","","MMIP- PEDI 601","Pediatrics 1","legacy_course","","7","","","","S5","https://mu.menofia.edu.eg/med/INTMED/View/69731/ar","2026-08-26","high",""
"Legacy distinguished MMIP course table","Official INTMED course page; no publication year on page","undated","Second stage","","MMIP- INTM 602","Medicine IV","legacy_course","","4","","","","S5","https://mu.menofia.edu.eg/med/INTMED/View/69731/ar","2026-08-26","high","Prerequisite MMIP- INTM 409"
"Legacy distinguished MMIP course table","Official INTMED course page; no publication year on page","undated","Second stage","","MMIP- SURG 903","Surgery IV","legacy_course","","4","","","","S5","https://mu.menofia.edu.eg/med/INTMED/View/69731/ar","2026-08-26","medium","Odd source code retained"
"Legacy distinguished MMIP course table","Official INTMED course page; no publication year on page","undated","Second stage","","MMIP- PED607I","Pediatrics 2","legacy_course","","6","","","","S5","https://mu.menofia.edu.eg/med/INTMED/View/69731/ar","2026-08-26","medium","Odd source code retained"
"Legacy distinguished MMIP course table","Official INTMED course page; no publication year on page","undated","Second stage","","MMIP- INTM 608","Medicine V","legacy_course","","5","","","","S5","https://mu.menofia.edu.eg/med/INTMED/View/69731/ar","2026-08-26","high","Prerequisite MMIP- INTM 409"
"Legacy distinguished MMIP course table","Official INTMED course page; no publication year on page","undated","Second stage","","MMIP SURG 609","Surgery V","legacy_course","","5.5","","","","S5","https://mu.menofia.edu.eg/med/INTMED/View/69731/ar","2026-08-26","medium","Odd source spacing retained"
"Legacy distinguished MMIP course table","Official INTMED course page; no publication year on page","undated","Second stage","","MMIP-E 11","Infection control and patient safety","elective","","1","","","","S5","https://mu.menofia.edu.eg/med/INTMED/View/69731/ar","2026-08-26","high","Group B"
"Legacy distinguished MMIP course table","Official INTMED course page; no publication year on page","undated","Second stage","","MMIP-E 12","Evidence based medicine","elective","","1","","","","S5","https://mu.menofia.edu.eg/med/INTMED/View/69731/ar","2026-08-26","high","Group B"
"Legacy distinguished MMIP course table","Official INTMED course page; no publication year on page","undated","Second stage","","MMIP-E 13","Ethics& legal issues in medical practice","elective","","1","","","","S5","https://mu.menofia.edu.eg/med/INTMED/View/69731/ar","2026-08-26","high","Group B"
"Legacy distinguished MMIP course table","Official INTMED course page; no publication year on page","undated","Second stage","","MMIP-E14","Emergencies in Medicine","elective","","1","","","","S5","https://mu.menofia.edu.eg/med/INTMED/View/69731/ar","2026-08-26","high","Group B"
