relative_path	bytes	sha256	year	semester	module	subject	category	pdf_pages	pdf_error	audit_sample_chars	audit_sample_status
Year 1/Semester 101/FHB 101/Anatomy/05 MCQs/MCQs - Anatomy + Embryology MCQs.pdf	247568	545c5a3a4537d35c2e8228f261dfb48f87ea216c6cc89c016c603d0062a2d916	Year 1	Semester 101	FHB 101	Anatomy	05 MCQs	7		1800	substantive-text
Year 1/Semester 101/FHB 101/Anatomy/05 MCQs/MCQs - Embryology written practice questions.pdf	37466	a52b8c4a67088411b314bcab37820383ad7a32b05b03f0d293e84421db34f195	Year 1	Semester 101	FHB 101	Anatomy	05 MCQs	3		1800	substantive-text
Year 1/Semester 101/FHB 101/Anatomy/05 MCQs/MCQs - Embryology.pdf	189837	140d0fd692d7c58f752faf2b50169a3c006d42e1becc93641532b0f8e92cdef7	Year 1	Semester 101	FHB 101	Anatomy	05 MCQs	7		1785	substantive-text
Year 1/Semester 101/FHB 101/Anatomy/05 MCQs/MCQs - FHB 1 MCQ FINAL.pdf	1373184	7978c265f52aa8190589c47a01ef536ca753583e4699a39d59f3f5267e8566b4	Year 1	Semester 101	FHB 101	Anatomy	05 MCQs	14		504	sparse-text
Year 1/Semester 101/FHB 101/Anatomy/05 MCQs/MCQs - FHB FINAL.pdf	291743	28d4f5ec3791a9e54c086fa7c77614bd1f575b04ce655f3d8fd287b6980a1c97	Year 1	Semester 101	FHB 101	Anatomy	05 MCQs	13		1800	substantive-text
Year 1/Semester 101/FHB 101/Anatomy/05 MCQs/MCQs - FHB exam 101 2020_compressed-1.pdf	28802702	62143e16ae5d80b75313c51fbf850cbe6fe0223940abc2131ab130cb7cf337c8	Year 1	Semester 101	FHB 101	Anatomy	05 MCQs	37		2	empty-text
Year 1/Semester 101/FHB 101/Anatomy/05 MCQs/MCQs - Fhb exam 2026.pdf	768458	a87b09c5f33157263fb623fcfbc2eeb315f90633fdd1a5a8f9244a67c6313e95	Year 1	Semester 101	FHB 101	Anatomy	05 MCQs	14		1800	substantive-text
Year 1/Semester 101/FHB 101/Anatomy/05 MCQs/MCQs - General Embryology MCQs.pdf	801278	911f278560e8ee3b11a18fbc4116651e1c99b633be9b2b01e2f275b8b918c11d	Year 1	Semester 101	FHB 101	Anatomy	05 MCQs	34		1632	substantive-text
Year 1/Semester 101/FHB 101/Anatomy/05 MCQs/MCQs - General embryology questions.pdf	182973	98361efdecd40f23a8e444b97fabf08cb8c5933c6d8f7bb10aa10c0e75d1551b	Year 1	Semester 101	FHB 101	Anatomy	05 MCQs	17		1643	substantive-text
Year 1/Semester 101/FHB 101/Anatomy/05 MCQs/MCQs - Important Ques Embryology 2 (Answers).pdf	1851184	c0f79eb94816582bfe81bd9fa724ba8b524a82a99ae6aba6bb3f4bf8a11a45ad	Year 1	Semester 101	FHB 101	Anatomy	05 MCQs	5		2	empty-text
Year 1/Semester 101/FHB 101/Anatomy/05 MCQs/MCQs - Important Ques Embryology 2.pdf	1761237	f968cf5a23f4fb2dca711ffe0abedbe3d94f7289ce3e3dc774d967c3fd5861a7	Year 1	Semester 101	FHB 101	Anatomy	05 MCQs	5		2	empty-text
Year 1/Semester 101/FHB 101/Anatomy/05 MCQs/MCQs - VIP Embryo MCQS ️▪️.pdf	958647	8d6091da0290ba43cd96017fafe09a5b7d14b2c362adcbca3d158d30cef768fd	Year 1	Semester 101	FHB 101	Anatomy	05 MCQs	8		24	audit-extract-failed
Year 1/Semester 101/FHB 101/Anatomy/05 MCQs/MCQs - [Unsolved]Embryology written questions.pdf	167528	c7f9044d4f8c67e9369999ae71692dd98b153cfa68038a3f0115ede546873fe9	Year 1	Semester 101	FHB 101	Anatomy	05 MCQs	2		1565	substantive-text
Year 1/Semester 101/FHB 101/Anatomy/06 EOM Exams/EOM - Embryology Written final exam FHB 101 Fall 2025.pdf	79143	a569f3a6960887f8852b74db3a73a828f642b4857e68ccad9c81db8a3993fbec	Year 1	Semester 101	FHB 101	Anatomy	06 EOM Exams	2		1641	substantive-text
Year 1/Semester 101/FHB 101/Anatomy/06 EOM Exams/EOM MCQs - FHB revision (Final Fall 2023-2024) - answered (2).pdf	225090	349ca7a6f8d6fb2622384456c8ecc03a3b8088c1cd09b8fd58d41af4eaa8b54f	Year 1	Semester 101	FHB 101	Anatomy	06 EOM Exams	10		1800	substantive-text
Year 1/Semester 101/FHB 101/Anatomy/06 EOM Exams/EOM MCQs - General Embryology 101 Final night exams questions.pdf	193343	3185bf1cbb970c279afdc5bc0a36f9aef98fc50198a30619e940198105b08d6a	Year 1	Semester 101	FHB 101	Anatomy	06 EOM Exams	11		1800	substantive-text
Year 1/Semester 101/FHB 101/Anatomy/06 EOM Exams/EOM MCQs - SOLO_MCQS_Final_Anatomy_Clean_Test_Version (2).pdf	51697	e52ac69820eff5407e033622c6163130ce2e52f1624eade5a46ee3e3fb266bcb	Year 1	Semester 101	FHB 101	Anatomy	06 EOM Exams	10		1479	substantive-text
Year 1/Semester 101/FHB 101/Anatomy/06 EOM Exams/EOM MCQs - [Answers] SOLO MCQS - Final Anatomy.pdf	123184	5606f1829f2868ca94669174e185a385aebc3ba38c913b1921cfc769add2ed56	Year 1	Semester 101	FHB 101	Anatomy	06 EOM Exams	9		1479	substantive-text
Year 1/Semester 101/FHB 101/Anatomy/08 Midterm Exams/Anatomy FHB101 Training Questions Part 2.pdf	3937584	7f3b6495509665efac02b6c16b6bc1b28de0eba800d2b4b0cb73d280bbe6a129	Year 1	Semester 101	FHB 101	Anatomy	08 Midterm Exams	11		1800	substantive-text
Year 1/Semester 101/FHB 101/Anatomy/08 Midterm Exams/Anatomy FHB101 Training Questions.pdf	85305	032e8b2634ec8f4e8c9b694739f2d9f5a39115fa879437f18ed62e4b21dd0263	Year 1	Semester 101	FHB 101	Anatomy	08 Midterm Exams	23		1800	substantive-text
Year 1/Semester 101/FHB 101/Anatomy/08 Midterm Exams/Basis MCQ by Dr.Jalal.pdf	629411	2c9ba7d2333e672e7ecca19f595c3e77c6df40c01d02f23f9acdbe947dc1ba3d	Year 1	Semester 101	FHB 101	Anatomy	08 Midterm Exams	13		2	empty-text
Year 1/Semester 101/FHB 101/Anatomy/08 Midterm Exams/Easy_Medicine_.pdf	3602891	833bde7eae7d5da6b9ba4032670ad61dee9b49bbb617b82e5910e2690b436607	Year 1	Semester 101	FHB 101	Anatomy	08 Midterm Exams	41		0	audit-not-found
Year 1/Semester 101/FHB 101/Anatomy/08 Midterm Exams/FHB101_Training_Questions.pdf	112265	814bbedd8906d5c163797afbf65ccc4bf49b9698a278a2e9fa78f8596fc26d24	Year 1	Semester 101	FHB 101	Anatomy	08 Midterm Exams	3		1800	substantive-text
Year 1/Semester 101/FHB 101/Anatomy/08 Midterm Exams/G.Anatomy MCQ till Midterm by Absalam101.pdf	281984	80ca3b0d4df30607c1fb3ba5c99f09204d8fb8709752b8437d113c97d9cbdc28	Year 1	Semester 101	FHB 101	Anatomy	08 Midterm Exams	52		1486	substantive-text
Year 1/Semester 101/FHB 101/Anatomy/08 Midterm Exams/General anatomy (FHB 101).pdf	425410	248048db0f9ccc82dd0f3cf28a176ace8a4615fed998da046c6746fe23d388d5	Year 1	Semester 101	FHB 101	Anatomy	08 Midterm Exams	31		0	audit-not-found
Year 1/Semester 101/FHB 101/Anatomy/08 Midterm Exams/[MedStudy] General Anatomy ➡️ Midterm.pdf	5321494	1cecd06ab3f64fc1fc58229fc82bae297af9f2b65d73040d67c11e0d7c14c2c4	Year 1	Semester 101	FHB 101	Anatomy	08 Midterm Exams	21		1800	substantive-text
Year 1/Semester 101/FHB 101/Anatomy/08 Midterm Exams/solo mcq anatomy fhb mid.pdf	512262	e6d0c5242f043d70b60c979dea0131e737be9e959db553a23adf38718f6246af	Year 1	Semester 101	FHB 101	Anatomy	08 Midterm Exams	8		1510	substantive-text
Year 1/Semester 101/FHB 101/Histology/05 MCQs/MCQs - Cases.pdf	558631	76b58bc56d2446cd2726f4fd96a038084d5bd8eb0081b30cbf64ad355de1ba31	Year 1	Semester 101	FHB 101	Histology	05 MCQs	8		2	empty-text
Year 1/Semester 101/FHB 101/Histology/05 MCQs/MCQs - Department Questions.pdf	27225320	448345893d693ac8a08fd21a6ca326bc19cd1e4e36a1b26a03fb1d43c3f4b5e1	Year 1	Semester 101	FHB 101	Histology	05 MCQs	34		2	empty-text
Year 1/Semester 101/FHB 101/Histology/05 MCQs/MCQs - Epithelium MCQ.pdf	378945	001c485cb1a8f9928c04a4390dbc920477f96285484f2dc4c7aeedd93dffa65b	Year 1	Semester 101	FHB 101	Histology	05 MCQs	4		1800	sparse-text
Year 1/Semester 101/FHB 101/Histology/05 MCQs/MCQs - Epithelium questions MCQ and Written.pdf	967737	81bd1052dfcf4d1985205bbf7ae7aaf419eba184f7a2204af600f58e605a1b7f	Year 1	Semester 101	FHB 101	Histology	05 MCQs	18		2	empty-text
Year 1/Semester 101/FHB 101/Histology/05 MCQs/MCQs - Epithelium.pdf	232373	786c3d2e96fa2c5d3fb34b470bbcb20fadf6182e05d25c72ec43ceca35bcfdd0	Year 1	Semester 101	FHB 101	Histology	05 MCQs	9		1800	substantive-text
Year 1/Semester 101/FHB 101/Histology/05 MCQs/MCQs - FHB 101 Histology(Cytogenetics part)_BenAhmed_Publish.pdf	870569	220b2abe681b34636c9f888ec2bdf54ec743a0f1328abcc3ef8304de69945664	Year 1	Semester 101	FHB 101	Histology	05 MCQs	48		1501	substantive-text
Year 1/Semester 101/FHB 101/Histology/05 MCQs/MCQs - FHB 101 Histology_BenAhmed.pdf	1280598	6ea8ad8bf30d8191cb7aa1d1a073efa5c5e8832a9182c96264db8fe8a1622af6	Year 1	Semester 101	FHB 101	Histology	05 MCQs	98		1525	substantive-text
Year 1/Semester 101/FHB 101/Histology/05 MCQs/MCQs - FHB 101 Histology_BenAhmed_Puplish.pdf	1160718	1e2b05e259ae2eca175f3c97a985e7c3a1b37d489ecedaed74fcd810998730a3	Year 1	Semester 101	FHB 101	Histology	05 MCQs	98		1540	substantive-text
Year 1/Semester 101/FHB 101/Histology/05 MCQs/MCQs - FHB FINAL.pdf	291743	28d4f5ec3791a9e54c086fa7c77614bd1f575b04ce655f3d8fd287b6980a1c97	Year 1	Semester 101	FHB 101	Histology	05 MCQs	13		1800	substantive-text
Year 1/Semester 101/FHB 101/Histology/05 MCQs/MCQs - FHB exam 101 2020_compressed-1.pdf	28802702	62143e16ae5d80b75313c51fbf850cbe6fe0223940abc2131ab130cb7cf337c8	Year 1	Semester 101	FHB 101	Histology	05 MCQs	37		2	empty-text
Year 1/Semester 101/FHB 101/Histology/05 MCQs/MCQs - Fhb exam 2026.pdf	768458	a87b09c5f33157263fb623fcfbc2eeb315f90633fdd1a5a8f9244a67c6313e95	Year 1	Semester 101	FHB 101	Histology	05 MCQs	14		1800	substantive-text
Year 1/Semester 101/FHB 101/Histology/05 MCQs/MCQs - Histo FHB Ques.pdf	618837	025b988c1ce7f90beaf3f86ad4c8fde63cf27c4ce10616832e877c66cc222825	Year 1	Semester 101	FHB 101	Histology	05 MCQs	37		1340	substantive-text
Year 1/Semester 101/FHB 101/Histology/05 MCQs/MCQs - Histo FHB101 Exam Night Questions & Notes.pdf	772615	2f57b61e7071d6e87a5ae7a0464cbae2ab7d2cef7f12941420473966fd89aa58	Year 1	Semester 101	FHB 101	Histology	05 MCQs	16		2	audit-extract-failed
Year 1/Semester 101/FHB 101/Histology/05 MCQs/MCQs - Histology MCQs by DR.KANDEEL.pdf	2866293	72f19c349bd5817ad84d61737cbc63cf844da772ecc71f1db3943853ade961cd	Year 1	Semester 101	FHB 101	Histology	05 MCQs	9		2	empty-text
Year 1/Semester 101/FHB 101/Histology/05 MCQs/MCQs - Histology fhb101-1 mcq important.pdf	13449617	8a64d8e0f81611aeeb3797c0c3d332c749c28505893e974d35e4e1d6712dcb6b	Year 1	Semester 101	FHB 101	Histology	05 MCQs	16		2	empty-text
Year 1/Semester 101/FHB 101/Histology/05 MCQs/MCQs - Histology_FHB_Clinical_Applications_Mohamed_Eissa_MMSU (1).pdf	3427798	d6c7f6be8d5066df575221ff5f3c7903d2c5204b2fddd81481fbd383a1d14100	Year 1	Semester 101	FHB 101	Histology	05 MCQs	9		1286	substantive-text
Year 1/Semester 101/FHB 101/Histology/05 MCQs/MCQs - Important Ques Histo.pdf	9276372	b8ac8fb8398288c987687c364a49cd465bc7f94c777d02a34e444c1e86c68d4c	Year 1	Semester 101	FHB 101	Histology	05 MCQs	19		2	empty-text
Year 1/Semester 101/FHB 101/Histology/05 MCQs/MCQs - MCQ Epithelium.pdf	3002759	6789f9c206abb44eb1cbbac5ffea20c0b0a052732c9569bca7a54ca407840618	Year 1	Semester 101	FHB 101	Histology	05 MCQs	46		2	empty-text
Year 1/Semester 101/FHB 101/Histology/05 MCQs/MCQs - New MCQ for histology .pdf	29743790	71d44657e0d87a79998716f4d34dd2e8a2a29225b2bfb6ac2c124c46dc7cc1c3	Year 1	Semester 101	FHB 101	Histology	05 MCQs	24		2	empty-text
Year 1/Semester 101/FHB 101/Histology/05 MCQs/MCQs - QUESTION ON EPITHELIUM by DR.KANDEEL.pdf	6094451	994b3e415b43d5b276a810e5a74b177f5774d6d99b775a0e094b0914c76b2fbb	Year 1	Semester 101	FHB 101	Histology	05 MCQs	17		2	empty-text
Year 1/Semester 101/FHB 101/Histology/05 MCQs/MCQs - Training questions for QUIZ.pdf	231660	6cf74ccb49a440815850ef9f458f80f31200f7b70fa8361f473af2ba3baaed89	Year 1	Semester 101	FHB 101	Histology	05 MCQs	4		1800	substantive-text
Year 1/Semester 101/FHB 101/Histology/06 EOM Exams/EOM - FHB final revision 2025.pdf	4306279	7eae568758b50729de376c829bf30c964bddc048bb74dc49210ad40d2ed019db	Year 1	Semester 101	FHB 101	Histology	06 EOM Exams	56		189	sparse-text
Year 1/Semester 101/FHB 101/Histology/06 EOM Exams/EOM - FINAL REVISION (Pr) FHB101 24.pdf	3142012	5f1087b43622a1285ea2d011bd808ab42992a7630b9790b8e8803a3831ef419b	Year 1	Semester 101	FHB 101	Histology	06 EOM Exams	56		293	sparse-text
Year 1/Semester 101/FHB 101/Histology/06 EOM Exams/EOM MCQs - Cytogenetics Final Revision Qs answer.pdf	3617672	137b732d2192915c54a3b9b3b9fa245e48f991cabfd1d88c4212e279837e1c9b	Year 1	Semester 101	FHB 101	Histology	06 EOM Exams	7		2	empty-text
Year 1/Semester 101/FHB 101/Histology/06 EOM Exams/EOM MCQs - FHB final revision 2025 Questions.pdf	15876588	c9acc5b2b0f555649cd344edf6f4c0faddacc97b30940f023f55c76693002983	Year 1	Semester 101	FHB 101	Histology	06 EOM Exams	101		2	empty-text
Year 1/Semester 101/FHB 101/Histology/06 EOM Exams/EOM MCQs - Histology 101 final written-1.pdf	195733	441ea28e2179fa0488d8afed03d595aae31e97087607c13d16c929fe0db62906	Year 1	Semester 101	FHB 101	Histology	06 EOM Exams	3		1800	substantive-text
Year 1/Semester 101/FHB 101/Histology/06 EOM Exams/EOM MCQs - Histology 101 final written.pdf	57379	14aca09deac964563bef09fe2f12b651db40c7d789bad98527d56f90d74f8668	Year 1	Semester 101	FHB 101	Histology	06 EOM Exams	2		1800	substantive-text
Year 1/Semester 101/FHB 101/Histology/06 EOM Exams/EOM MCQs - Training questions BMS 101 (final).pdf	265982	23248abb15aad2399e99a4cf7c5d0d0aca0070287efb5e24739a982b83c8fafa	Year 1	Semester 101	FHB 101	Histology	06 EOM Exams	5		1800	substantive-text
Year 1/Semester 101/FHB 101/Histology/06 EOM Exams/EOM MCQs - [Answers] SOLO MCQS - Final Histology.pdf	153385	2e869cc596ae375f593d7b899b2090c4bcb3ef4cd29e1fd4b68c01860de91a60	Year 1	Semester 101	FHB 101	Histology	06 EOM Exams	9		1800	audit-extract-failed
Year 1/Semester 101/FHB 101/Histology/08 Midterm Exams/Cytology Clinical Applications - Mohamed Eissa.pdf	1808523	c87febba511ffa8db2f9ce53b9308edde620e6650c7464836fa7f46f9f65d2b4	Year 1	Semester 101	FHB 101	Histology	08 Midterm Exams	7		0	audit-not-found
Year 1/Semester 101/FHB 101/Histology/08 Midterm Exams/Cytology MCQ (Nucleus).pdf	368956	871ca5046ee04990d95ead25942884a31d840009afe4e76d77779e13d294e294	Year 1	Semester 101	FHB 101	Histology	08 Midterm Exams	2		1800	substantive-text
Year 1/Semester 101/FHB 101/Histology/08 Midterm Exams/Cytology MCQ Dr.Abdelwahab.pdf	11498870	a6de213a3876866fe421224a4c1ee0d9998f40beccb13d648b0f29fbfe9d303c	Year 1	Semester 101	FHB 101	Histology	08 Midterm Exams	48		2	empty-text
Year 1/Semester 101/FHB 101/Histology/08 Midterm Exams/FHB Histo MCQs Ziad Ashraf.pdf	270270	b39cd6a2feeba48546e1cf82b7d0b03b5a54d0cde43cbb719c343f081c889cad	Year 1	Semester 101	FHB 101	Histology	08 Midterm Exams	14		1290	substantive-text
Year 1/Semester 101/FHB 101/Histology/08 Midterm Exams/FHB Revision questions Fall 22-23 (Answers).pdf	957227	0f4c76704d3e67b1c7db6e1d5df55d183fa7352da07e628502b550f29b7303b3	Year 1	Semester 101	FHB 101	Histology	08 Midterm Exams	18		766	substantive-text
Year 1/Semester 101/FHB 101/Histology/08 Midterm Exams/Histo MCQ by Dr.Zahra [Cytology].pdf	729579	6846577508f49244d715afb12267b8b6db92ef5d9140be391919a040d2ba70de	Year 1	Semester 101	FHB 101	Histology	08 Midterm Exams	27		1800	substantive-text
Year 1/Semester 101/FHB 101/Histology/08 Midterm Exams/Histology (Cytology) MCQs.pdf	1614268	93cd4d818d9285c05ebed927fe56494f74b63226913616f1016c9bb03c4bd462	Year 1	Semester 101	FHB 101	Histology	08 Midterm Exams	11		2	empty-text
Year 1/Semester 101/FHB 101/Histology/08 Midterm Exams/Histology FHB MCQs.pdf	12030315	5a481cad54731aef1bb2f12273e62a9c7d0d8273803aff5fdc3168d90be7df4e	Year 1	Semester 101	FHB 101	Histology	08 Midterm Exams	9		2	empty-text
Year 1/Semester 101/FHB 101/Histology/08 Midterm Exams/Histology FHB Summary (by Shahd).pdf	26000316	e2d3f6426b89f38d130b179e138641cbb15690fae6ce53cead26c20d7fdb74fb	Year 1	Semester 101	FHB 101	Histology	08 Midterm Exams	12		2	empty-text
Year 1/Semester 101/FHB 101/Histology/08 Midterm Exams/Histology FHB101 Training Questions.pdf	94427	1f436a96117e21759285f2f2c549f37ad95d9939ed7068a5cff760baa43d562e	Year 1	Semester 101	FHB 101	Histology	08 Midterm Exams	26		1238	substantive-text
Year 1/Semester 101/FHB 101/Histology/08 Midterm Exams/Histology Lec 1 Notes (by Linah).pdf	1546597	cab8d5df30995d578656bdc05780f2cc655bfb6e7b17fd4997ba065d85188c6a	Year 1	Semester 101	FHB 101	Histology	08 Midterm Exams	2		2	empty-text
Year 1/Semester 101/FHB 101/Histology/08 Midterm Exams/Histology Lec 2 Notes (by Linah).pdf	3243243	fd4b6a9e5c415da313f81663e39a4c4d60127752cf4762fe6799deed68711115	Year 1	Semester 101	FHB 101	Histology	08 Midterm Exams	3		2	empty-text
Year 1/Semester 101/FHB 101/Histology/08 Midterm Exams/Histology Lec 2 Notes (online) (by Linah).pdf	3624494	168c6d4fa11fc30119b28a38b3f4f68e788c0e08dc37aef12ea13eb3fc1acdd3	Year 1	Semester 101	FHB 101	Histology	08 Midterm Exams	4		2	empty-text
Year 1/Semester 101/FHB 101/Histology/08 Midterm Exams/Histology Lec 3 Notes (by Linah).pdf	6722231	5582d9ca8f95ba200f9f2b6d68895ea51e2bd2b90be14158cbd1656542a7b5f2	Year 1	Semester 101	FHB 101	Histology	08 Midterm Exams	3		2	empty-text
Year 1/Semester 101/FHB 101/Histology/08 Midterm Exams/Histology Lec 3 Notes (online) (by Linah).pdf	1659113	0fe5b1851c266615f551142b2824cb46e38a9b7c0359be8f671f80f994deec4f	Year 1	Semester 101	FHB 101	Histology	08 Midterm Exams	2		2	empty-text
Year 1/Semester 101/FHB 101/Histology/08 Midterm Exams/Histology Lec 4 Notes (by Linah).pdf	740221	2dec835c8d017c992f906882435e68e992181cb41b5323df635c89f48d6f0098	Year 1	Semester 101	FHB 101	Histology	08 Midterm Exams	1		1	empty-text
Year 1/Semester 101/FHB 101/Histology/08 Midterm Exams/Histology Lec 4 Notes (online) (by Linah).pdf	3005834	c68736c35ed34dec3ef483924d9957651bb298972b81416df1a971d1f68c8141	Year 1	Semester 101	FHB 101	Histology	08 Midterm Exams	2		2	empty-text
Year 1/Semester 101/FHB 101/Histology/08 Midterm Exams/Histology Lec 5 Notes (by Linah).pdf	987759	f5d0b062bfdc1d03a7259d5ed345e3fff12ac80ecdf91b3a03d1bc1b97cc92dc	Year 1	Semester 101	FHB 101	Histology	08 Midterm Exams	1		1	empty-text
Year 1/Semester 101/FHB 101/Histology/08 Midterm Exams/Histology MCQ till Midterm by Absalam101.pdf	291653	4247d855313f6cdffdeaacb7cd2b12b2f7b33711d35c392720aaa8ceaedd6f93	Year 1	Semester 101	FHB 101	Histology	08 Midterm Exams	59		1392	substantive-text
Year 1/Semester 101/FHB 101/Histology/08 Midterm Exams/Histology Summary (by Mohamed).pdf	34036947	ae19d24e32de6833e7f42b1d1cb27518394af607bd75b618fa96c0f9c01364bc	Year 1	Semester 101	FHB 101	Histology	08 Midterm Exams	25		45	sparse-text
Year 1/Semester 101/FHB 101/Histology/08 Midterm Exams/Histology mid term notes (By Maii Mahmoud).pdf	8047842	685e671956525d3ba1c709981d9fe1f97920fc1929e6f2a28ca2fc7fdc5b1746	Year 1	Semester 101	FHB 101	Histology	08 Midterm Exams	15		2	empty-text
Year 1/Semester 101/FHB 101/Histology/08 Midterm Exams/Histology_Revision_Answers 2026.pdf	6559	c4bf2ad6ce516b135823e91d7b02814107a4822f7b35ca7e4e23eb76807b3452	Year 1	Semester 101	FHB 101	Histology	08 Midterm Exams	4		1800	substantive-text
Year 1/Semester 101/FHB 101/Histology/08 Midterm Exams/QUESTION ON CYTOLOGY by DR.KANDEEL.pdf	7451404	f23b50418ba1fb9d14494eda1db6c11f5e9d8c9d8e0e0bb4e97dae764b1d5333	Year 1	Semester 101	FHB 101	Histology	08 Midterm Exams	21		2	empty-text
Year 1/Semester 101/FHB 101/Histology/08 Midterm Exams/Stains.pdf	618173	19543c6669ea24693cf67555802a1d34a7330f621a05478a6af22d1abb938a16	Year 1	Semester 101	FHB 101	Histology	08 Midterm Exams	2		0	audit-not-found
Year 1/Semester 101/FHB 101/Histology/08 Midterm Exams/introduction and cytology mcq.pdf	403939	a44fb9d4295209c4722a348a02a865d9e18dacfcd75901dbaccc943c23a6a2ff	Year 1	Semester 101	FHB 101	Histology	08 Midterm Exams	35		1528	substantive-text
Year 1/Semester 101/FHB 101/Histology/08 Midterm Exams/solo mcqs histology.pdf	337182	22180a77cf8d4eb2d59d046ee1936efa544a79932b326cf554f9d343d73a34cd	Year 1	Semester 101	FHB 101	Histology	08 Midterm Exams	18		1800	substantive-text
Year 1/Semester 101/FHB 101/Histology/08 Midterm Exams/شرح هيستولوجي FHB.pdf	20692101	0540c06021496251ac88d8d5c1b3b91388ae562e93969c8295cc669e909fca15	Year 1	Semester 101	FHB 101	Histology	08 Midterm Exams	38		0	audit-not-found
Year 1/Semester 101/FHB 101/Physiology/05 MCQs/MCQs - DOC-20251228-WA0243..pdf	2075916	d9a07518aecda26323373d582d437e0b854a0bcf083cf21a730ab0aa2e266f06	Year 1	Semester 101	FHB 101	Physiology	05 MCQs	15		2	empty-text
Year 1/Semester 101/FHB 101/Physiology/05 MCQs/MCQs - FHB FINAL.pdf	291743	28d4f5ec3791a9e54c086fa7c77614bd1f575b04ce655f3d8fd287b6980a1c97	Year 1	Semester 101	FHB 101	Physiology	05 MCQs	13		1800	substantive-text
Year 1/Semester 101/FHB 101/Physiology/05 MCQs/MCQs - FHB exam 101 2020_compressed-1.pdf	28802702	62143e16ae5d80b75313c51fbf850cbe6fe0223940abc2131ab130cb7cf337c8	Year 1	Semester 101	FHB 101	Physiology	05 MCQs	37		2	empty-text
Year 1/Semester 101/FHB 101/Physiology/05 MCQs/MCQs - FHB101 Exam 2026.pdf	768458	a87b09c5f33157263fb623fcfbc2eeb315f90633fdd1a5a8f9244a67c6313e95	Year 1	Semester 101	FHB 101	Physiology	05 MCQs	14		1800	substantive-text
Year 1/Semester 101/FHB 101/Physiology/05 MCQs/MCQs - Final Physiology MCQ Revision FHB101.pdf	318228	8c9858100455f46cdc85ee85b0719630703a458e164e71bdb80e8f7a1d01f89a	Year 1	Semester 101	FHB 101	Physiology	05 MCQs	14		1470	substantive-text
Year 1/Semester 101/FHB 101/Physiology/05 MCQs/MCQs - Important Ques physio.pdf	4935237	345d7475ddb0ac4653ec09742516bc8e4c76e697be3eea96cc578dd8a4a50f8b	Year 1	Semester 101	FHB 101	Physiology	05 MCQs	15		2	empty-text
Year 1/Semester 101/FHB 101/Physiology/05 MCQs/MCQs - Physio Written exercise questions.pdf	71058	bc12b680f19c703645cc26e0296cd5ab27b66d565c8480c0a07859842bee3d07	Year 1	Semester 101	FHB 101	Physiology	05 MCQs	3		1800	substantive-text
Year 1/Semester 101/FHB 101/Physiology/05 MCQs/MCQs - Physiology (Intro+Blood) MCQs.pdf	4454473	7be6cdf15892e27f1ee76f589d41ef072a3abf8f94d89b56e11782911da28380	Year 1	Semester 101	FHB 101	Physiology	05 MCQs	30		2	empty-text
Year 1/Semester 101/FHB 101/Physiology/05 MCQs/MCQs - Physiology MCQ.pdf	16691220	3617ee832b59ed14004cf501b2a502b27051b9b1d80ef5bdf3dd9bab4a7eff72	Year 1	Semester 101	FHB 101	Physiology	05 MCQs	110		2	empty-text
Year 1/Semester 101/FHB 101/Physiology/05 MCQs/MCQs - Physiology written.pdf	1846778	c8e53814c441fa19bcab20e99812075c163b53d9a8147a080927f81723da4438	Year 1	Semester 101	FHB 101	Physiology	05 MCQs	4		2	empty-text
Year 1/Semester 101/FHB 101/Physiology/05 MCQs/MCQs - [Answers] Blood Must.pdf	153694	d738a7058cf60ce6456496a9d92ff33842e5cfd27693963a85079a2615ce151d	Year 1	Semester 101	FHB 101	Physiology	05 MCQs	2		1800	audit-extract-failed
Year 1/Semester 101/FHB 101/Physiology/05 MCQs/MCQs - physiology ques 1.pdf	2112120	af3e920291b581bbc053205c0f42229a4cee595d7a1a086011b4dcaec2f19ee6	Year 1	Semester 101	FHB 101	Physiology	05 MCQs	15		2	empty-text
Year 1/Semester 101/FHB 101/Physiology/05 MCQs/MCQs - written exercise questions-2.pdf	176776	784b370995586c0c1adac303fff438cc0c6faad9897a678229dfe6b2d3beec80	Year 1	Semester 101	FHB 101	Physiology	05 MCQs	3		1800	substantive-text
Year 1/Semester 101/FHB 101/Physiology/06 EOM Exams/EOM - 10- (❌FINAL) WBCs.pdf	375651	492fc275403ca0435a94d678378c2c8d444248134d1a0621d7476952eab8db41	Year 1	Semester 101	FHB 101	Physiology	06 EOM Exams	20		128	sparse-text
Year 1/Semester 101/FHB 101/Physiology/06 EOM Exams/EOM MCQs - FHB FINAL QUESTIONS Answers.pdf	2989488	56137b8483844ab6aa52d12ee164beaac03207d97195414019bf70a4350dfeb4	Year 1	Semester 101	FHB 101	Physiology	06 EOM Exams	13		1800	substantive-text
Year 1/Semester 101/FHB 101/Physiology/06 EOM Exams/EOM MCQs - FHB revision (Final Fall 2023-2024) - answered (2).pdf	225090	349ca7a6f8d6fb2622384456c8ecc03a3b8088c1cd09b8fd58d41af4eaa8b54f	Year 1	Semester 101	FHB 101	Physiology	06 EOM Exams	10		1800	substantive-text
Year 1/Semester 101/FHB 101/Physiology/06 EOM Exams/EOM MCQs - Night exam physio 101 final 2026.pdf	214918	5a363e2f09c2b2ac7d13d5a29adf9a6a0d1e97dfe70f74f885529285516aaf76	Year 1	Semester 101	FHB 101	Physiology	06 EOM Exams	7		1800	substantive-text
Year 1/Semester 101/FHB 101/Physiology/06 EOM Exams/EOM MCQs - Physiology FHB101 Questions (Final).pdf	262279	6c2aa8130c1d9d73c68acaf44ba2f39f5ce9709c9c8f332cda5cd2751a973f7b	Year 1	Semester 101	FHB 101	Physiology	06 EOM Exams	59		1204	substantive-text
Year 1/Semester 101/FHB 101/Physiology/06 EOM Exams/EOM MCQs - Physiology final revision 101.pdf	3720246	a433bee65fdb0cdb5a5f9f17948789d58e91f49a633a7502672e5981efa05662	Year 1	Semester 101	FHB 101	Physiology	06 EOM Exams	17		1459	substantive-text
Year 1/Semester 101/FHB 101/Physiology/06 EOM Exams/EOM MCQs - [Answers] SOLO MCQS - FHB - Final PHYSIOLOGY.pdf	242021	ebdfe31bcde14e7c0a3f068748d3f9543d34346a2d439c92c0add1de8b0d13af	Year 1	Semester 101	FHB 101	Physiology	06 EOM Exams	7		1800	audit-extract-failed
Year 1/Semester 101/FHB 101/Physiology/08 Midterm Exams/10- Physiology MCQ of Blood_copy.pdf	127355	6ce0f81b5a2ab455d7194a47cb0833680b3dedfeb8840fbae72332a4afb8c206	Year 1	Semester 101	FHB 101	Physiology	08 Midterm Exams	2		1264	substantive-text
Year 1/Semester 101/FHB 101/Physiology/08 Midterm Exams/FHB Physiology MCQs.pdf	274340	78a2e07d3c4d22724f5b83c0502bf7321b7f1516e295426d1d3fc34f6b9ba6ca	Year 1	Semester 101	FHB 101	Physiology	08 Midterm Exams	10		1285	substantive-text
Year 1/Semester 101/FHB 101/Physiology/08 Midterm Exams/MCQs On Physiology(FHB) Of Blood midterm_Benahmed.pdf	396561	5e7a3a7c3a890ac633e79f1c39d84445c3af117b1b5910fbdd266cf7a55aee24	Year 1	Semester 101	FHB 101	Physiology	08 Midterm Exams	31		1170	substantive-text
Year 1/Semester 101/FHB 101/Physiology/08 Midterm Exams/Physiology FHB101 Questions (Midterm).pdf	275947	4b0c3b7ff8eef46a863234bb64b49154355991d4b32bb2e1b721011f7d2c05a0	Year 1	Semester 101	FHB 101	Physiology	08 Midterm Exams	51		1207	substantive-text
Year 1/Semester 101/FHB 101/Physiology/08 Midterm Exams/Physiology FHB101 Training Questions.pdf	139724	a0accfff0a1b1952b29f174ab12d16028c820eb7048310c6f918877c87a4ae6f	Year 1	Semester 101	FHB 101	Physiology	08 Midterm Exams	34		1530	substantive-text
Year 1/Semester 101/FHB 101/Physiology/08 Midterm Exams/Physiology Notes (by Ziad).pdf	866642	932903de6c1ea6b2fce84c5d8597d8402885492ec4848fdf39b495922b3797c7	Year 1	Semester 101	FHB 101	Physiology	08 Midterm Exams	8		2	empty-text
Year 1/Semester 101/FHB 101/Physiology/08 Midterm Exams/Physiology lecture 2 FHB BLOOD (By Shahd).pdf	3361040	490caa766860aa63f08e52766335bc864d2c0c67a7010ae1cfbd701a2dcb851d	Year 1	Semester 101	FHB 101	Physiology	08 Midterm Exams	4		2	empty-text
Year 1/Semester 101/FHB 101/Physiology/08 Midterm Exams/Physiology lecture 3 FHB BLOOD (By Shahd).pdf	4959297	6de1106a6b875c69f3d94467d1e5e51ae1895cb689e42daffb9bfe02e68af847	Year 1	Semester 101	FHB 101	Physiology	08 Midterm Exams	4		2	empty-text
Year 1/Semester 101/FHB 101/Physiology/08 Midterm Exams/Physiology lecture 4 FHB BLOOD (By Shahd).pdf	2581292	ef667f30ba5e438969644df9f48cabcd7f573988fe5c360afcb06d36b681e045	Year 1	Semester 101	FHB 101	Physiology	08 Midterm Exams	2		2	empty-text
Year 1/Semester 101/FHB 101/Physiology/08 Midterm Exams/blood (formative exam).pdf	33301	22d1470f3f47d2765f6533e94fc54c0767f3667fc1ef67060c815283bb39adc4	Year 1	Semester 101	FHB 101	Physiology	08 Midterm Exams	2		0	audit-not-found
_Exact Duplicates/Year 1/Semester 101/FHB 101/Histology/06 EOM Exams/EOM MCQs - Histology 101 final written (Answers).pdf	195733	441ea28e2179fa0488d8afed03d595aae31e97087607c13d16c929fe0db62906	Year 1	Semester 101	FHB 101	Histology	06 EOM Exams	3		1800	substantive-text
_Exact Duplicates/Year 1/Semester 101/FHB 101/Physiology/05 MCQs/MCQs - Physio Written exercise questions (Answers).pdf	176776	784b370995586c0c1adac303fff438cc0c6faad9897a678229dfe6b2d3beec80	Year 1	Semester 101	FHB 101	Physiology	05 MCQs	3		1800	substantive-text
